Order ID,Client ID,Instrument,Side,Execution Status,Quantity,Price,Reason,Transaction Time
ord1,1,Tulip,2,New,930,36.89,,20260423-090129.799
ord2,2,Rose,1,New,270,38.82,,20260423-090129.800
ord3,3,Lavender,2,New,890,17.45,,20260423-090129.800
ord4,4,Orchid,1,New,790,33.77,,20260423-090129.800
ord5,5,Rose,1,New,580,42.95,,20260423-090129.800
ord6,6,Tulip,2,New,820,16.67,,20260423-090129.800
ord7,7,Tulip,1,Fill,140,16.67,,20260423-090129.800
ord6,6,Tulip,2,Pfill,140,16.67,,20260423-090129.800
ord8,8,Lavender,2,New,170,46.83,,20260423-090129.800
ord9,9,Lavender,1,Fill,240,17.45,,20260423-090129.800
ord3,3,Lavender,2,Pfill,240,17.45,,20260423-090129.800
ord10,10,Tulip,1,Fill,300,16.67,,20260423-090129.800
ord6,6,Tulip,2,Pfill,300,16.67,,20260423-090129.800
ord11,11,Rose,2,Fill,330,42.95,,20260423-090129.800
ord5,5,Rose,1,Pfill,330,42.95,,20260423-090129.800
ord12,12,Tulip,2,New,10,25.86,,20260423-090129.800
ord13,13,Orchid,2,Fill,590,33.77,,20260423-090129.800
ord4,4,Orchid,1,Pfill,590,33.77,,20260423-090129.800
ord14,14,Tulip,1,New,200,14.23,,20260423-090129.800
ord15,15,Tulip,2,New,780,16.14,,20260423-090129.800
ord16,16,Rose,1,New,740,43.65,,20260423-090129.800
ord17,17,Lotus,1,New,40,39.56,,20260423-090129.800
ord18,18,Tulip,1,Fill,660,16.14,,20260423-090129.800
ord15,15,Tulip,2,Pfill,660,16.14,,20260423-090129.800
ord19,19,Rose,2,Pfill,740,43.65,,20260423-090129.800
ord16,16,Rose,1,Fill,740,43.65,,20260423-090129.800
ord19,19,Rose,2,Fill,170,42.95,,20260423-090129.800
ord5,5,Rose,1,Pfill,170,42.95,,20260423-090129.800
ord20,20,Orchid,1,New,90,47.77,,20260423-090129.800
ord21,21,Orchid,1,New,60,35.61,,20260423-090129.800
ord22,22,Tulip,1,Pfill,120,16.14,,20260423-090129.800
ord15,15,Tulip,2,Fill,120,16.14,,20260423-090129.800
ord22,22,Tulip,1,Fill,10,16.67,,20260423-090129.800
ord6,6,Tulip,2,Pfill,10,16.67,,20260423-090129.800
ord23,23,Lotus,1,New,820,44.01,,20260423-090129.800
ord24,24,Lavender,1,Fill,440,17.45,,20260423-090129.800
ord3,3,Lavender,2,Pfill,440,17.45,,20260423-090129.800
ord25,25,Lotus,2,Fill,790,44.01,,20260423-090129.800
ord23,23,Lotus,1,Pfill,790,44.01,,20260423-090129.800
ord26,26,Rose,1,New,500,32.21,,20260423-090129.801
ord27,27,Tulip,1,Pfill,370,16.67,,20260423-090129.801
ord6,6,Tulip,2,Fill,370,16.67,,20260423-090129.801
ord27,27,Tulip,1,Pfill,10,25.86,,20260423-090129.801
ord12,12,Tulip,2,Fill,10,25.86,,20260423-090129.801
ord27,27,Tulip,1,Fill,280,36.89,,20260423-090129.801
ord1,1,Tulip,2,Pfill,280,36.89,,20260423-090129.801
ord28,28,Lotus,1,New,760,15.93,,20260423-090129.801
ord29,29,Lavender,1,Pfill,210,17.45,,20260423-090129.801
ord3,3,Lavender,2,Fill,210,17.45,,20260423-090129.801
ord30,30,Lotus,2,New,730,45.84,,20260423-090129.801
ord31,31,Orchid,1,New,970,48.24,,20260423-090129.801
ord32,32,Orchid,2,Fill,190,48.24,,20260423-090129.801
ord31,31,Orchid,1,Pfill,190,48.24,,20260423-090129.801
ord33,33,Tulip,1,New,1000,25.04,,20260423-090129.801
ord34,34,Rose,2,Pfill,80,42.95,,20260423-090129.801
ord5,5,Rose,1,Fill,80,42.95,,20260423-090129.801
ord34,34,Rose,2,Pfill,270,38.82,,20260423-090129.801
ord2,2,Rose,1,Fill,270,38.82,,20260423-090129.801
ord34,34,Rose,2,Pfill,500,32.21,,20260423-090129.801
ord26,26,Rose,1,Fill,500,32.21,,20260423-090129.801
ord35,35,Orchid,2,Fill,170,48.24,,20260423-090129.801
ord31,31,Orchid,1,Pfill,170,48.24,,20260423-090129.801
ord36,36,Rose,2,New,70,18.18,,20260423-090129.801
ord37,37,Rose,2,New,920,46.90,,20260423-090129.801
ord38,38,Rose,1,Pfill,70,18.18,,20260423-090129.801
ord36,36,Rose,2,Fill,70,18.18,,20260423-090129.801
ord38,38,Rose,1,Pfill,40,21.09,,20260423-090129.801
ord34,34,Rose,2,Fill,40,21.09,,20260423-090129.801
ord39,39,Tulip,2,New,840,44.92,,20260423-090129.801
ord40,40,Orchid,1,New,780,13.37,,20260423-090129.801
ord41,41,Rose,1,New,860,11.67,,20260423-090129.801
ord42,42,Lotus,1,New,10,39.24,,20260423-090129.801
ord43,43,Rose,2,Fill,590,43.83,,20260423-090129.801
ord38,38,Rose,1,Pfill,590,43.83,,20260423-090129.801
ord44,44,Lavender,1,New,470,38.46,,20260423-090129.801
ord45,45,Lavender,2,New,220,40.30,,20260423-090129.801
ord46,46,Tulip,1,New,960,12.58,,20260423-090129.801
ord47,47,Lotus,1,New,880,19.61,,20260423-090129.801
ord48,48,Rose,2,Pfill,260,43.83,,20260423-090129.801
ord38,38,Rose,1,Fill,260,43.83,,20260423-090129.801
ord49,49,Lavender,1,New,360,14.49,,20260423-090129.801
ord50,50,Orchid,1,New,510,15.81,,20260423-090129.801
ord51,51,Rose,2,New,560,28.78,,20260423-090129.801
ord52,52,Orchid,1,New,190,13.76,,20260423-090129.801
ord53,53,Orchid,1,New,730,24.86,,20260423-090129.801
ord54,54,Lotus,2,Pfill,30,44.01,,20260423-090129.801
ord23,23,Lotus,1,Fill,30,44.01,,20260423-090129.801
ord55,55,Tulip,2,New,350,29.82,,20260423-090129.801
ord56,56,Lavender,1,New,250,37.96,,20260423-090129.801
ord57,57,Tulip,1,New,560,25.59,,20260423-090129.801
ord58,58,Tulip,2,New,380,41.00,,20260423-090129.801
ord59,59,Lavender,2,Fill,420,38.46,,20260423-090129.801
ord44,44,Lavender,1,Pfill,420,38.46,,20260423-090129.801
ord60,60,Rose,2,New,270,12.06,,20260423-090129.801
ord61,61,Lavender,1,New,760,17.45,,20260423-090129.801
ord62,62,Rose,2,New,680,46.31,,20260423-090129.801
ord63,63,Lotus,2,Pfill,40,39.56,,20260423-090129.801
ord17,17,Lotus,1,Fill,40,39.56,,20260423-090129.801
ord63,63,Lotus,2,Pfill,10,39.24,,20260423-090129.801
ord42,42,Lotus,1,Fill,10,39.24,,20260423-090129.801
ord64,64,Orchid,1,New,880,26.51,,20260423-090129.801
ord65,65,Lavender,2,Pfill,50,38.46,,20260423-090129.801
ord44,44,Lavender,1,Fill,50,38.46,,20260423-090129.801
ord65,65,Lavender,2,Pfill,250,37.96,,20260423-090129.801
ord56,56,Lavender,1,Fill,250,37.96,,20260423-090129.801
ord66,66,Tulip,2,Pfill,560,25.59,,20260423-090129.801
ord57,57,Tulip,1,Fill,560,25.59,,20260423-090129.801
ord66,66,Tulip,2,Fill,90,25.04,,20260423-090129.801
ord33,33,Tulip,1,Pfill,90,25.04,,20260423-090129.801
ord67,67,Lotus,2,New,980,43.30,,20260423-090129.801
ord68,68,Lavender,1,New,210,13.71,,20260423-090129.801
ord69,69,Orchid,2,Fill,50,48.24,,20260423-090129.801
ord31,31,Orchid,1,Pfill,50,48.24,,20260423-090129.801
ord70,70,Orchid,2,Fill,500,48.24,,20260423-090129.801
ord31,31,Orchid,1,Pfill,500,48.24,,20260423-090129.801
ord71,71,Rose,1,Pfill,270,12.06,,20260423-090129.802
ord60,60,Rose,2,Fill,270,12.06,,20260423-090129.802
ord71,71,Rose,1,Fill,320,28.78,,20260423-090129.802
ord51,51,Rose,2,Pfill,320,28.78,,20260423-090129.802
ord72,72,Rose,1,New,630,13.37,,20260423-090129.802
ord73,73,Lavender,2,Fill,410,28.08,,20260423-090129.802
ord29,29,Lavender,1,Pfill,410,28.08,,20260423-090129.802
ord74,74,Orchid,2,Pfill,60,48.24,,20260423-090129.802
ord31,31,Orchid,1,Fill,60,48.24,,20260423-090129.802
ord74,74,Orchid,2,Pfill,90,47.77,,20260423-090129.802
ord20,20,Orchid,1,Fill,90,47.77,,20260423-090129.802
ord74,74,Orchid,2,Pfill,60,35.61,,20260423-090129.802
ord21,21,Orchid,1,Fill,60,35.61,,20260423-090129.802
ord74,74,Orchid,2,Fill,190,33.77,,20260423-090129.802
ord4,4,Orchid,1,Pfill,190,33.77,,20260423-090129.802
ord75,75,Orchid,1,New,860,39.37,,20260423-090129.802
ord76,76,Rose,1,New,410,22.71,,20260423-090129.802
ord77,77,Tulip,2,Fill,70,25.04,,20260423-090129.802
ord33,33,Tulip,1,Pfill,70,25.04,,20260423-090129.802
ord78,78,Lotus,2,Fill,60,19.61,,20260423-090129.802
ord47,47,Lotus,1,Pfill,60,19.61,,20260423-090129.802
ord79,79,Lavender,2,New,730,42.11,,20260423-090129.802
ord80,80,Rose,2,New,570,37.93,,20260423-090129.802
ord81,81,Tulip,2,New,110,48.49,,20260423-090129.802
ord82,82,Tulip,1,Pfill,350,29.82,,20260423-090129.802
ord55,55,Tulip,2,Fill,350,29.82,,20260423-090129.802
ord82,82,Tulip,1,Fill,150,36.89,,20260423-090129.802
ord1,1,Tulip,2,Pfill,150,36.89,,20260423-090129.802
ord83,83,Rose,1,Pfill,240,28.78,,20260423-090129.802
ord51,51,Rose,2,Fill,240,28.78,,20260423-090129.802
ord84,84,Lotus,1,New,400,18.44,,20260423-090129.802
ord85,85,Rose,2,New,80,37.83,,20260423-090129.802
ord86,86,Tulip,1,New,790,21.04,,20260423-090129.802
ord87,87,Rose,1,New,130,34.40,,20260423-090129.802
ord88,88,Tulip,1,New,860,31.36,,20260423-090129.802
ord89,89,Rose,1,New,210,17.60,,20260423-090129.802
ord90,90,Tulip,2,Fill,810,31.36,,20260423-090129.802
ord88,88,Tulip,1,Pfill,810,31.36,,20260423-090129.802
ord91,91,Lotus,1,Pfill,60,29.85,,20260423-090129.802
ord63,63,Lotus,2,Fill,60,29.85,,20260423-090129.802
ord92,92,Lotus,1,Fill,630,41.83,,20260423-090129.802
ord54,54,Lotus,2,Pfill,630,41.83,,20260423-090129.802
ord93,93,Tulip,2,New,910,41.40,,20260423-090129.802
ord94,94,Rose,1,Fill,310,35.67,,20260423-090129.802
ord48,48,Rose,2,Pfill,310,35.67,,20260423-090129.802
ord95,95,Orchid,1,New,120,30.00,,20260423-090129.802
ord96,96,Tulip,1,New,70,18.21,,20260423-090129.802
ord97,97,Orchid,2,Fill,110,39.37,,20260423-090129.802
ord75,75,Orchid,1,Pfill,110,39.37,,20260423-090129.802
ord98,98,Orchid,1,New,720,20.55,,20260423-090129.802
ord99,99,Rose,1,New,130,21.22,,20260423-090129.802
ord100,100,Lotus,1,New,440,22.93,,20260423-090129.802
ord101,101,Lavender,2,New,350,30.23,,20260423-090129.802
ord102,102,Tulip,2,New,180,35.22,,20260423-090129.802
ord103,103,Rose,2,New,360,43.43,,20260423-090129.802
ord104,104,Lotus,2,Pfill,120,33.44,,20260423-090129.802
ord91,91,Lotus,1,Fill,120,33.44,,20260423-090129.802
ord105,105,Tulip,1,New,890,12.02,,20260423-090129.802
ord106,106,Lotus,1,New,610,15.28,,20260423-090129.802
ord107,107,Orchid,2,Fill,50,39.37,,20260423-090129.802
ord75,75,Orchid,1,Pfill,50,39.37,,20260423-090129.802
ord108,108,Rose,1,Pfill,240,35.67,,20260423-090129.802
ord48,48,Rose,2,Fill,240,35.67,,20260423-090129.802
ord109,109,Tulip,1,New,870,22.86,,20260423-090129.802
ord110,110,Orchid,1,New,360,46.69,,20260423-090129.802
ord111,111,Tulip,1,New,130,25.89,,20260423-090129.802
ord112,112,Lavender,1,New,210,26.57,,20260423-090129.802
ord113,113,Tulip,2,New,460,45.25,,20260423-090129.802
ord114,114,Lotus,2,New,370,23.98,,20260423-090129.802
ord115,115,Orchid,2,Pfill,360,46.69,,20260423-090129.802
ord110,110,Orchid,1,Fill,360,46.69,,20260423-090129.802
ord115,115,Orchid,2,Fill,180,39.37,,20260423-090129.802
ord75,75,Orchid,1,Pfill,180,39.37,,20260423-090129.802
ord116,116,Lavender,2,Pfill,20,28.08,,20260423-090129.802
ord29,29,Lavender,1,Fill,20,28.08,,20260423-090129.802
ord116,116,Lavender,2,Fill,50,26.57,,20260423-090129.802
ord112,112,Lavender,1,Pfill,50,26.57,,20260423-090129.802
ord117,117,Lotus,2,New,40,45.50,,20260423-090129.803
ord118,118,Lavender,2,New,570,39.64,,20260423-090129.803
ord119,119,Rose,1,New,270,15.34,,20260423-090129.803
ord120,120,Lavender,1,Pfill,160,28.37,,20260423-090129.803
ord65,65,Lavender,2,Fill,160,28.37,,20260423-090129.803
ord120,120,Lavender,1,Fill,140,30.23,,20260423-090129.803
ord101,101,Lavender,2,Pfill,140,30.23,,20260423-090129.803
ord121,121,Lotus,2,New,40,27.91,,20260423-090129.803
ord122,122,Rose,2,Pfill,190,36.68,,20260423-090129.803
ord108,108,Rose,1,Fill,190,36.68,,20260423-090129.803
ord122,122,Rose,2,Pfill,130,34.40,,20260423-090129.803
ord87,87,Rose,1,Fill,130,34.40,,20260423-090129.803
ord122,122,Rose,2,Fill,230,31.43,,20260423-090129.803
ord83,83,Rose,1,Pfill,230,31.43,,20260423-090129.803
ord123,123,Tulip,2,Pfill,50,31.36,,20260423-090129.803
ord88,88,Tulip,1,Fill,50,31.36,,20260423-090129.803
ord123,123,Tulip,2,Pfill,130,25.89,,20260423-090129.803
ord111,111,Tulip,1,Fill,130,25.89,,20260423-090129.803
ord123,123,Tulip,2,Fill,670,25.04,,20260423-090129.803
ord33,33,Tulip,1,Pfill,670,25.04,,20260423-090129.803
ord124,124,Lotus,1,New,480,10.94,,20260423-090129.803
ord125,125,Rose,1,Pfill,80,37.83,,20260423-090129.803
ord85,85,Rose,2,Fill,80,37.83,,20260423-090129.803
ord125,125,Rose,1,Pfill,570,37.93,,20260423-090129.803
ord80,80,Rose,2,Fill,570,37.93,,20260423-090129.803
ord125,125,Rose,1,Fill,90,43.43,,20260423-090129.803
ord103,103,Rose,2,Pfill,90,43.43,,20260423-090129.803
ord126,126,Lotus,2,Fill,220,22.93,,20260423-090129.803
ord100,100,Lotus,1,Pfill,220,22.93,,20260423-090129.803
ord127,127,Lavender,2,New,870,38.14,,20260423-090129.803
ord128,128,Lotus,2,New,250,49.10,,20260423-090129.803
ord129,129,Tulip,1,New,860,16.96,,20260423-090129.803
ord130,130,Lotus,1,Pfill,370,23.98,,20260423-090129.803
ord114,114,Lotus,2,Fill,370,23.98,,20260423-090129.803
ord130,130,Lotus,1,Fill,90,24.57,,20260423-090129.803
ord104,104,Lotus,2,Pfill,90,24.57,,20260423-090129.803
ord131,131,Orchid,2,Fill,90,39.37,,20260423-090129.803
ord75,75,Orchid,1,Pfill,90,39.37,,20260423-090129.803
ord132,132,Rose,2,Pfill,420,31.43,,20260423-090129.803
ord83,83,Rose,1,Fill,420,31.43,,20260423-090129.803
ord132,132,Rose,2,Pfill,410,22.71,,20260423-090129.803
ord76,76,Rose,1,Fill,410,22.71,,20260423-090129.803
ord132,132,Rose,2,Fill,90,21.22,,20260423-090129.803
ord99,99,Rose,1,Pfill,90,21.22,,20260423-090129.803
ord133,133,Lotus,2,New,90,40.78,,20260423-090129.803
ord134,134,Lotus,1,Pfill,10,24.57,,20260423-090129.803
ord104,104,Lotus,2,Fill,10,24.57,,20260423-090129.803
ord134,134,Lotus,1,Pfill,40,27.91,,20260423-090129.803
ord121,121,Lotus,2,Fill,40,27.91,,20260423-090129.803
ord135,135,Rose,1,Pfill,270,43.43,,20260423-090129.803
ord103,103,Rose,2,Fill,270,43.43,,20260423-090129.803
ord135,135,Rose,1,Fill,60,46.31,,20260423-090129.803
ord62,62,Rose,2,Pfill,60,46.31,,20260423-090129.803
ord136,136,Tulip,2,Pfill,170,25.04,,20260423-090129.803
ord33,33,Tulip,1,Fill,170,25.04,,20260423-090129.803
ord136,136,Tulip,2,Fill,110,22.86,,20260423-090129.803
ord109,109,Tulip,1,Pfill,110,22.86,,20260423-090129.803
ord137,137,Tulip,1,New,370,16.90,,20260423-090129.803
ord138,138,Orchid,1,New,380,35.41,,20260423-090129.803
ord139,139,Lavender,2,New,690,38.87,,20260423-090129.803
ord140,140,Orchid,1,New,940,13.52,,20260423-090129.803
ord141,141,Lotus,2,New,820,48.36,,20260423-090129.803
ord142,142,Lavender,1,Fill,150,30.23,,20260423-090129.803
ord101,101,Lavender,2,Pfill,150,30.23,,20260423-090129.803
ord143,143,Lotus,1,New,540,19.19,,20260423-090129.803
ord144,144,Lavender,1,Pfill,60,30.23,,20260423-090129.803
ord101,101,Lavender,2,Fill,60,30.23,,20260423-090129.803
ord145,145,Lavender,2,Pfill,270,35.65,,20260423-090129.803
ord144,144,Lavender,1,Fill,270,35.65,,20260423-090129.803
ord145,145,Lavender,2,Pfill,160,26.57,,20260423-090129.803
ord112,112,Lavender,1,Fill,160,26.57,,20260423-090129.803
ord145,145,Lavender,2,Fill,170,17.45,,20260423-090129.803
ord61,61,Lavender,1,Pfill,170,17.45,,20260423-090129.803
ord146,146,Rose,2,Pfill,40,21.22,,20260423-090129.803
ord99,99,Rose,1,Fill,40,21.22,,20260423-090129.803
ord147,147,Orchid,1,New,700,49.63,,20260423-090129.803
ord148,148,Lavender,2,Fill,440,17.45,,20260423-090129.803
ord61,61,Lavender,1,Pfill,440,17.45,,20260423-090129.803
ord149,149,Orchid,2,Pfill,700,49.63,,20260423-090129.803
ord147,147,Orchid,1,Fill,700,49.63,,20260423-090129.803
ord149,149,Orchid,2,Fill,300,39.37,,20260423-090129.803
ord75,75,Orchid,1,Pfill,300,39.37,,20260423-090129.803
ord150,150,Lavender,1,Fill,850,38.14,,20260423-090129.803
ord127,127,Lavender,2,Pfill,850,38.14,,20260423-090129.803
ord151,151,Tulip,2,New,890,32.97,,20260423-090129.803
ord152,152,Lotus,2,New,780,44.59,,20260423-090129.803
ord153,153,Tulip,1,New,30,16.88,,20260423-090129.803
ord154,154,Lavender,2,New,410,40.00,,20260423-090129.803
ord155,155,Tulip,1,Fill,490,32.97,,20260423-090129.803
ord151,151,Tulip,2,Pfill,490,32.97,,20260423-090129.803
ord156,156,Orchid,1,New,830,28.02,,20260423-090129.803
ord157,157,Lavender,1,Pfill,20,38.14,,20260423-090129.803
ord127,127,Lavender,2,Fill,20,38.14,,20260423-090129.803
ord157,157,Lavender,1,Fill,130,38.87,,20260423-090129.803
ord139,139,Lavender,2,Pfill,130,38.87,,20260423-090129.803
ord158,158,Tulip,1,Pfill,400,32.97,,20260423-090129.803
ord151,151,Tulip,2,Fill,400,32.97,,20260423-090129.803
ord158,158,Tulip,1,Pfill,180,35.22,,20260423-090129.803
ord102,102,Tulip,2,Fill,180,35.22,,20260423-090129.803
ord158,158,Tulip,1,Fill,140,36.89,,20260423-090129.803
ord1,1,Tulip,2,Pfill,140,36.89,,20260423-090129.803
ord159,159,Tulip,1,Pfill,360,36.89,,20260423-090129.803
ord1,1,Tulip,2,Fill,360,36.89,,20260423-090129.803
ord159,159,Tulip,1,Pfill,380,41.00,,20260423-090129.803
ord58,58,Tulip,2,Fill,380,41.00,,20260423-090129.803
ord159,159,Tulip,1,Fill,100,41.40,,20260423-090129.803
ord93,93,Tulip,2,Pfill,100,41.40,,20260423-090129.803
ord160,160,Lotus,2,New,10,46.91,,20260423-090129.803
ord161,161,Rose,1,Pfill,130,19.98,,20260423-090129.803
ord146,146,Rose,2,Fill,130,19.98,,20260423-090129.803
ord162,162,Orchid,2,Pfill,130,39.37,,20260423-090129.803
ord75,75,Orchid,1,Fill,130,39.37,,20260423-090129.803
ord162,162,Orchid,2,Fill,340,35.41,,20260423-090129.803
ord138,138,Orchid,1,Pfill,340,35.41,,20260423-090129.803
ord163,163,Lavender,2,New,430,49.03,,20260423-090129.803
ord164,164,Rose,2,Pfill,160,36.79,,20260423-090129.804
ord161,161,Rose,1,Fill,160,36.79,,20260423-090129.804
ord164,164,Rose,2,Pfill,210,17.60,,20260423-090129.804
ord89,89,Rose,1,Fill,210,17.60,,20260423-090129.804
ord164,164,Rose,2,Fill,80,15.34,,20260423-090129.804
ord119,119,Rose,1,Pfill,80,15.34,,20260423-090129.804
ord165,165,Rose,2,New,380,48.73,,20260423-090129.804
ord166,166,Orchid,2,New,170,45.99,,20260423-090129.804
ord167,167,Lotus,1,New,500,11.22,,20260423-090129.804
ord168,168,Orchid,1,New,170,41.81,,20260423-090129.804
ord169,169,Rose,2,New,970,35.27,,20260423-090129.804
ord170,170,Rose,2,New,840,37.28,,20260423-090129.804
ord171,171,Tulip,1,Fill,470,41.40,,20260423-090129.804
ord93,93,Tulip,2,Pfill,470,41.40,,20260423-090129.804
ord172,172,Lotus,1,New,510,38.92,,20260423-090129.804
ord173,173,Lotus,2,Fill,430,38.92,,20260423-090129.804
ord172,172,Lotus,1,Pfill,430,38.92,,20260423-090129.804
ord174,174,Tulip,2,New,430,30.39,,20260423-090129.804
ord175,175,Lavender,2,New,930,28.20,,20260423-090129.804
ord176,176,Lotus,2,Fill,70,38.92,,20260423-090129.804
ord172,172,Lotus,1,Pfill,70,38.92,,20260423-090129.804
ord177,177,Lavender,1,Fill,720,28.20,,20260423-090129.804
ord175,175,Lavender,2,Pfill,720,28.20,,20260423-090129.804
ord178,178,Orchid,1,New,750,38.33,,20260423-090129.804
ord179,179,Lotus,1,Pfill,90,40.78,,20260423-090129.804
ord133,133,Lotus,2,Fill,90,40.78,,20260423-090129.804
ord179,179,Lotus,1,Fill,180,41.83,,20260423-090129.804
ord54,54,Lotus,2,Pfill,180,41.83,,20260423-090129.804
ord180,180,Tulip,2,New,470,24.97,,20260423-090129.804
ord181,181,Lotus,2,Pfill,10,38.92,,20260423-090129.804
ord172,172,Lotus,1,Fill,10,38.92,,20260423-090129.804
ord181,181,Lotus,2,Fill,180,30.30,,20260423-090129.804
ord134,134,Lotus,1,Pfill,180,30.30,,20260423-090129.804
ord182,182,Orchid,2,New,230,45.13,,20260423-090129.804
ord183,183,Lotus,1,New,340,19.96,,20260423-090129.804
ord184,184,Lotus,2,Fill,80,30.30,,20260423-090129.804
ord134,134,Lotus,1,Pfill,80,30.30,,20260423-090129.804
ord185,185,Lotus,1,New,530,41.21,,20260423-090129.804
ord186,186,Rose,2,New,680,44.49,,20260423-090129.804
ord187,187,Orchid,2,Pfill,170,41.81,,20260423-090129.804
ord168,168,Orchid,1,Fill,170,41.81,,20260423-090129.804
ord187,187,Orchid,2,Fill,640,38.33,,20260423-090129.804
ord178,178,Orchid,1,Pfill,640,38.33,,20260423-090129.804
ord188,188,Lotus,1,New,90,22.82,,20260423-090129.804
ord189,189,Lotus,1,Pfill,100,41.83,,20260423-090129.804
ord54,54,Lotus,2,Fill,100,41.83,,20260423-090129.804
ord189,189,Lotus,1,Fill,570,43.30,,20260423-090129.804
ord67,67,Lotus,2,Pfill,570,43.30,,20260423-090129.804
ord190,190,Orchid,2,New,400,43.44,,20260423-090129.804
ord191,191,Lotus,2,Fill,120,41.21,,20260423-090129.804
ord185,185,Lotus,1,Pfill,120,41.21,,20260423-090129.804
ord192,192,Tulip,1,Pfill,470,24.97,,20260423-090129.804
ord180,180,Tulip,2,Fill,470,24.97,,20260423-090129.804
ord192,192,Tulip,1,Fill,180,30.39,,20260423-090129.804
ord174,174,Tulip,2,Pfill,180,30.39,,20260423-090129.804
ord193,193,Orchid,1,New,410,35.10,,20260423-090129.804
ord194,194,Orchid,2,Pfill,110,38.33,,20260423-090129.804
ord178,178,Orchid,1,Fill,110,38.33,,20260423-090129.804
ord194,194,Orchid,2,Pfill,40,35.41,,20260423-090129.804
ord138,138,Orchid,1,Fill,40,35.41,,20260423-090129.804
ord194,194,Orchid,2,Pfill,410,35.10,,20260423-090129.804
ord193,193,Orchid,1,Fill,410,35.10,,20260423-090129.804
ord194,194,Orchid,2,Pfill,10,33.77,,20260423-090129.804
ord4,4,Orchid,1,Fill,10,33.77,,20260423-090129.804
ord194,194,Orchid,2,Pfill,120,30.00,,20260423-090129.804
ord95,95,Orchid,1,Fill,120,30.00,,20260423-090129.804
ord194,194,Orchid,2,Fill,180,28.02,,20260423-090129.804
ord156,156,Orchid,1,Pfill,180,28.02,,20260423-090129.804
ord195,195,Lavender,1,New,90,26.53,,20260423-090129.804
ord196,196,Tulip,2,New,760,42.17,,20260423-090129.804
ord197,197,Lotus,2,Pfill,410,41.21,,20260423-090129.804
ord185,185,Lotus,1,Fill,410,41.21,,20260423-090129.804
ord198,198,Rose,2,New,350,32.82,,20260423-090129.804
ord199,199,Rose,1,New,450,16.58,,20260423-090129.804
ord200,200,Orchid,2,New,680,30.19,,20260423-090129.804
ord201,201,Lotus,1,Pfill,160,37.64,,20260423-090129.804
ord197,197,Lotus,2,Fill,160,37.64,,20260423-090129.804
ord201,201,Lotus,1,Pfill,410,43.30,,20260423-090129.804
ord67,67,Lotus,2,Fill,410,43.30,,20260423-090129.804
ord201,201,Lotus,1,Fill,30,44.59,,20260423-090129.804
ord152,152,Lotus,2,Pfill,30,44.59,,20260423-090129.804
ord202,202,Tulip,2,Fill,510,22.86,,20260423-090129.804
ord109,109,Tulip,1,Pfill,510,22.86,,20260423-090129.804
ord203,203,Tulip,2,New,20,47.53,,20260423-090129.804
ord204,204,Lavender,1,Pfill,210,28.20,,20260423-090129.804
ord175,175,Lavender,2,Fill,210,28.20,,20260423-090129.804
ord205,205,Rose,2,New,410,38.18,,20260423-090129.804
ord206,206,Lavender,2,New,480,47.91,,20260423-090129.804
ord207,207,Lotus,2,Fill,330,30.30,,20260423-090129.804
ord134,134,Lotus,1,Pfill,330,30.30,,20260423-090129.804
ord208,208,Orchid,1,New,390,24.97,,20260423-090129.804
ord209,209,Orchid,2,Fill,520,28.02,,20260423-090129.804
ord156,156,Orchid,1,Pfill,520,28.02,,20260423-090129.804
ord210,210,Lotus,2,Pfill,250,30.30,,20260423-090129.805
ord134,134,Lotus,1,Fill,250,30.30,,20260423-090129.805
ord211,211,Lavender,2,Pfill,400,37.28,,20260423-090129.805
ord204,204,Lavender,1,Fill,400,37.28,,20260423-090129.805
ord212,212,Rose,2,New,900,31.06,,20260423-090129.805
ord213,213,Orchid,2,New,790,40.15,,20260423-090129.805
ord214,214,Rose,1,New,350,10.87,,20260423-090129.805
ord215,215,Rose,1,New,900,26.66,,20260423-090129.805
ord216,216,Lotus,2,Pfill,220,22.93,,20260423-090129.805
ord100,100,Lotus,1,Fill,220,22.93,,20260423-090129.805
ord216,216,Lotus,2,Pfill,90,22.82,,20260423-090129.805
ord188,188,Lotus,1,Fill,90,22.82,,20260423-090129.805
ord216,216,Lotus,2,Fill,310,19.96,,20260423-090129.805
ord183,183,Lotus,1,Pfill,310,19.96,,20260423-090129.805
ord217,217,Orchid,1,New,210,13.58,,20260423-090129.805
ord218,218,Rose,1,Fill,800,31.06,,20260423-090129.805
ord212,212,Rose,2,Pfill,800,31.06,,20260423-090129.805
ord219,219,Lavender,1,New,220,14.06,,20260423-090129.805
ord220,220,Tulip,2,New,690,26.17,,20260423-090129.805
ord221,221,Lotus,1,New,340,15.12,,20260423-090129.805
ord222,222,Orchid,2,Pfill,130,28.02,,20260423-090129.805
ord156,156,Orchid,1,Fill,130,28.02,,20260423-090129.805
ord222,222,Orchid,2,Fill,520,26.51,,20260423-090129.805
ord64,64,Orchid,1,Pfill,520,26.51,,20260423-090129.805
ord223,223,Rose,2,New,240,37.43,,20260423-090129.805
ord224,224,Lavender,2,New,130,30.89,,20260423-090129.805
ord225,225,Lavender,2,Pfill,90,26.53,,20260423-090129.805
ord195,195,Lavender,1,Fill,90,26.53,,20260423-090129.805
ord225,225,Lavender,2,Pfill,150,17.45,,20260423-090129.805
ord61,61,Lavender,1,Fill,150,17.45,,20260423-090129.805
ord225,225,Lavender,2,Fill,120,14.49,,20260423-090129.805
ord49,49,Lavender,1,Pfill,120,14.49,,20260423-090129.805
ord226,226,Orchid,2,New,220,35.22,,20260423-090129.805
ord227,227,Orchid,2,Pfill,360,26.51,,20260423-090129.805
ord64,64,Orchid,1,Fill,360,26.51,,20260423-090129.805
ord227,227,Orchid,2,Pfill,390,24.97,,20260423-090129.805
ord208,208,Orchid,1,Fill,390,24.97,,20260423-090129.805
ord227,227,Orchid,2,Fill,90,24.86,,20260423-090129.805
ord53,53,Orchid,1,Pfill,90,24.86,,20260423-090129.805
ord228,228,Lotus,2,New,110,37.32,,20260423-090129.805
ord229,229,Orchid,2,New,380,42.78,,20260423-090129.805
ord230,230,Lavender,1,New,650,21.52,,20260423-090129.805
ord231,231,Orchid,2,New,900,34.21,,20260423-090129.805
ord232,232,Tulip,2,Pfill,250,22.86,,20260423-090129.805
ord109,109,Tulip,1,Fill,250,22.86,,20260423-090129.805
ord232,232,Tulip,2,Fill,410,21.04,,20260423-090129.805
ord86,86,Tulip,1,Pfill,410,21.04,,20260423-090129.805
ord233,233,Lotus,1,Pfill,420,23.94,,20260423-090129.805
ord210,210,Lotus,2,Fill,420,23.94,,20260423-090129.805
ord233,233,Lotus,1,Pfill,110,37.32,,20260423-090129.805
ord228,228,Lotus,2,Fill,110,37.32,,20260423-090129.805
ord234,234,Rose,1,Pfill,100,31.06,,20260423-090129.805
ord212,212,Rose,2,Fill,100,31.06,,20260423-090129.805
ord234,234,Rose,1,Pfill,350,32.82,,20260423-090129.805
ord198,198,Rose,2,Fill,350,32.82,,20260423-090129.805
ord234,234,Rose,1,Fill,20,35.27,,20260423-090129.805
ord169,169,Rose,2,Pfill,20,35.27,,20260423-090129.805
ord235,235,Tulip,2,New,230,23.76,,20260423-090129.805
ord236,236,Lavender,2,New,830,28.64,,20260423-090129.805
ord237,237,Lotus,2,Pfill,180,41.24,,20260423-090129.805
ord233,233,Lotus,1,Fill,180,41.24,,20260423-090129.805
ord238,238,Lotus,1,Pfill,40,32.53,,20260423-090129.805
ord237,237,Lotus,2,Fill,40,32.53,,20260423-090129.805
ord239,239,Lavender,1,New,220,11.18,,20260423-090129.805
ord240,240,Rose,2,New,220,41.66,,20260423-090129.805
ord241,241,Tulip,2,New,220,35.58,,20260423-090129.805
ord242,242,Lotus,2,New,590,44.05,,20260423-090129.805
ord243,243,Lotus,2,New,690,48.36,,20260423-090129.805
ord244,244,Lotus,2,New,660,36.53,,20260423-090129.805
ord245,245,Rose,2,New,550,37.19,,20260423-090129.805
ord246,246,Lavender,1,Fill,100,28.64,,20260423-090129.805
ord236,236,Lavender,2,Pfill,100,28.64,,20260423-090129.805
ord247,247,Lavender,1,Fill,70,28.64,,20260423-090129.805
ord236,236,Lavender,2,Pfill,70,28.64,,20260423-090129.805
ord248,248,Tulip,2,New,70,43.34,,20260423-090129.805
ord249,249,Orchid,2,Fill,90,24.86,,20260423-090129.805
ord53,53,Orchid,1,Pfill,90,24.86,,20260423-090129.805
ord250,250,Orchid,2,Pfill,550,24.86,,20260423-090129.805
ord53,53,Orchid,1,Fill,550,24.86,,20260423-090129.805
ord251,251,Tulip,2,New,850,28.03,,20260423-090129.805
ord252,252,Rose,2,Fill,840,26.66,,20260423-090129.805
ord215,215,Rose,1,Pfill,840,26.66,,20260423-090129.805
ord253,253,Lavender,2,New,160,40.93,,20260423-090129.805
ord254,254,Orchid,1,New,330,13.82,,20260423-090129.805
ord255,255,Orchid,2,New,640,39.64,,20260423-090129.806
ord256,256,Orchid,2,Fill,510,20.55,,20260423-090129.806
ord98,98,Orchid,1,Pfill,510,20.55,,20260423-090129.806
ord257,257,Lavender,2,Fill,300,21.52,,20260423-090129.806
ord230,230,Lavender,1,Pfill,300,21.52,,20260423-090129.806
ord258,258,Orchid,2,New,780,20.73,,20260423-090129.806
ord259,259,Tulip,2,New,790,45.46,,20260423-090129.806
ord260,260,Lavender,1,New,550,21.19,,20260423-090129.806
ord261,261,Lavender,1,New,160,12.08,,20260423-090129.806
ord262,262,Rose,1,New,930,15.44,,20260423-090129.806
ord263,263,Tulip,1,New,20,14.65,,20260423-090129.806
ord264,264,Tulip,2,New,830,49.39,,20260423-090129.806
ord265,265,Tulip,1,Pfill,230,23.76,,20260423-090129.806
ord235,235,Tulip,2,Fill,230,23.76,,20260423-090129.806
ord265,265,Tulip,1,Fill,260,26.17,,20260423-090129.806
ord220,220,Tulip,2,Pfill,260,26.17,,20260423-090129.806
ord266,266,Lotus,1,Fill,140,36.53,,20260423-090129.806
ord244,244,Lotus,2,Pfill,140,36.53,,20260423-090129.806
ord267,267,Lavender,1,New,130,15.61,,20260423-090129.806
ord268,268,Lavender,2,New,890,27.34,,20260423-090129.806
ord269,269,Lavender,1,New,510,13.42,,20260423-090129.806
ord270,270,Lavender,1,Fill,160,27.34,,20260423-090129.806
ord268,268,Lavender,2,Pfill,160,27.34,,20260423-090129.806
ord271,271,Lotus,2,Fill,190,35.13,,20260423-090129.806
ord238,238,Lotus,1,Pfill,190,35.13,,20260423-090129.806
ord272,272,Rose,1,New,370,11.15,,20260423-090129.806
ord273,273,Orchid,1,New,40,15.65,,20260423-090129.806
ord274,274,Tulip,1,New,50,25.00,,20260423-090129.806
ord275,275,Tulip,1,New,860,22.17,,20260423-090129.806
ord276,276,Lotus,1,Fill,320,36.53,,20260423-090129.806
ord244,244,Lotus,2,Pfill,320,36.53,,20260423-090129.806
ord277,277,Rose,2,Pfill,60,26.66,,20260423-090129.806
ord215,215,Rose,1,Fill,60,26.66,,20260423-090129.806
ord277,277,Rose,2,Fill,20,16.58,,20260423-090129.806
ord199,199,Rose,1,Pfill,20,16.58,,20260423-090129.806
ord278,278,Orchid,1,New,510,17.11,,20260423-090129.806
ord279,279,Tulip,2,Pfill,50,25.00,,20260423-090129.806
ord274,274,Tulip,1,Fill,50,25.00,,20260423-090129.806
ord279,279,Tulip,2,Fill,400,22.17,,20260423-090129.806
ord275,275,Tulip,1,Pfill,400,22.17,,20260423-090129.806
ord280,280,Lavender,1,New,730,14.83,,20260423-090129.806
ord281,281,Lotus,1,New,30,26.91,,20260423-090129.806
ord282,282,Lavender,2,New,450,33.46,,20260423-090129.806
ord283,283,Lotus,2,Pfill,80,35.13,,20260423-090129.806
ord238,238,Lotus,1,Fill,80,35.13,,20260423-090129.806
ord284,284,Orchid,1,Pfill,780,20.73,,20260423-090129.806
ord258,258,Orchid,2,Fill,780,20.73,,20260423-090129.806
ord284,284,Orchid,1,Fill,10,24.37,,20260423-090129.806
ord250,250,Orchid,2,Pfill,10,24.37,,20260423-090129.806
ord285,285,Orchid,1,Fill,170,24.37,,20260423-090129.806
ord250,250,Orchid,2,Pfill,170,24.37,,20260423-090129.806
ord286,286,Lotus,2,New,120,27.62,,20260423-090129.806
ord287,287,Orchid,2,New,860,42.98,,20260423-090129.806
ord288,288,Lotus,1,New,500,12.27,,20260423-090129.806
ord289,289,Lotus,2,New,210,38.83,,20260423-090129.806
ord290,290,Orchid,1,Pfill,170,24.37,,20260423-090129.806
ord250,250,Orchid,2,Fill,170,24.37,,20260423-090129.806
ord290,290,Orchid,1,Pfill,680,30.19,,20260423-090129.806
ord200,200,Orchid,2,Fill,680,30.19,,20260423-090129.806
ord290,290,Orchid,1,Fill,150,34.21,,20260423-090129.806
ord231,231,Orchid,2,Pfill,150,34.21,,20260423-090129.806
ord291,291,Orchid,2,New,660,41.26,,20260423-090129.806
ord292,292,Lavender,2,Fill,280,21.52,,20260423-090129.806
ord230,230,Lavender,1,Pfill,280,21.52,,20260423-090129.806
ord293,293,Rose,1,Fill,180,35.27,,20260423-090129.806
ord169,169,Rose,2,Pfill,180,35.27,,20260423-090129.806
ord294,294,Lotus,2,Pfill,30,26.91,,20260423-090129.806
ord281,281,Lotus,1,Fill,30,26.91,,20260423-090129.806
ord294,294,Lotus,2,Pfill,30,19.96,,20260423-090129.806
ord183,183,Lotus,1,Fill,30,19.96,,20260423-090129.806
ord294,294,Lotus,2,Fill,180,19.61,,20260423-090129.806
ord47,47,Lotus,1,Pfill,180,19.61,,20260423-090129.806
ord295,295,Lotus,1,New,400,18.35,,20260423-090129.806
ord296,296,Orchid,2,Pfill,210,20.55,,20260423-090129.806
ord98,98,Orchid,1,Fill,210,20.55,,20260423-090129.806
ord297,297,Orchid,1,Fill,20,18.78,,20260423-090129.806
ord296,296,Orchid,2,Pfill,20,18.78,,20260423-090129.806
ord298,298,Tulip,1,Fill,340,26.17,,20260423-090129.806
ord220,220,Tulip,2,Pfill,340,26.17,,20260423-090129.806
ord299,299,Lotus,1,Fill,420,26.92,,20260423-090129.807
ord283,283,Lotus,2,Pfill,420,26.92,,20260423-090129.807
ord300,300,Rose,1,New,500,26.02,,20260423-090129.807
ord301,301,Tulip,2,New,720,44.97,,20260423-090129.807
ord302,302,Lotus,2,New,840,24.75,,20260423-090129.807
ord303,303,Tulip,2,New,60,44.60,,20260423-090129.807
ord304,304,Tulip,1,New,880,12.41,,20260423-090129.807
ord305,305,Lotus,2,New,420,39.49,,20260423-090129.807
ord306,306,Orchid,2,Pfill,510,17.11,,20260423-090129.807
ord278,278,Orchid,1,Fill,510,17.11,,20260423-090129.807
ord306,306,Orchid,2,Fill,110,15.81,,20260423-090129.807
ord50,50,Orchid,1,Pfill,110,15.81,,20260423-090129.807
ord307,307,Tulip,2,Fill,210,22.17,,20260423-090129.807
ord275,275,Tulip,1,Pfill,210,22.17,,20260423-090129.807
ord308,308,Tulip,2,Pfill,250,22.17,,20260423-090129.807
ord275,275,Tulip,1,Fill,250,22.17,,20260423-090129.807
ord308,308,Tulip,2,Pfill,380,21.04,,20260423-090129.807
ord86,86,Tulip,1,Fill,380,21.04,,20260423-090129.807
ord309,309,Rose,1,Fill,690,35.27,,20260423-090129.807
ord169,169,Rose,2,Pfill,690,35.27,,20260423-090129.807
ord310,310,Tulip,1,Pfill,220,21.02,,20260423-090129.807
ord308,308,Tulip,2,Fill,220,21.02,,20260423-090129.807
ord311,311,Lotus,2,New,960,28.67,,20260423-090129.807
ord312,312,Lavender,1,New,110,13.50,,20260423-090129.807
ord313,313,Lavender,2,New,880,34.20,,20260423-090129.807
ord314,314,Lotus,1,New,620,10.65,,20260423-090129.807
ord315,315,Orchid,2,New,260,41.71,,20260423-090129.807
ord316,316,Tulip,2,New,650,42.16,,20260423-090129.807
ord317,317,Orchid,2,New,630,23.80,,20260423-090129.807
ord318,318,Rose,1,New,1000,12.04,,20260423-090129.807
ord319,319,Tulip,2,Pfill,110,22.18,,20260423-090129.807
ord310,310,Tulip,1,Fill,110,22.18,,20260423-090129.807
ord319,319,Tulip,2,Pfill,70,18.21,,20260423-090129.807
ord96,96,Tulip,1,Fill,70,18.21,,20260423-090129.807
ord319,319,Tulip,2,Fill,170,16.96,,20260423-090129.807
ord129,129,Tulip,1,Pfill,170,16.96,,20260423-090129.807
ord320,320,Lavender,2,New,180,28.81,,20260423-090129.807
ord321,321,Lotus,2,New,70,49.61,,20260423-090129.807
ord322,322,Lavender,2,Pfill,70,21.52,,20260423-090129.807
ord230,230,Lavender,1,Fill,70,21.52,,20260423-090129.807
ord322,322,Lavender,2,Fill,520,21.19,,20260423-090129.807
ord260,260,Lavender,1,Pfill,520,21.19,,20260423-090129.807
ord323,323,Lavender,2,New,70,23.12,,20260423-090129.807
ord324,324,Lotus,2,New,480,36.46,,20260423-090129.807
ord325,325,Orchid,2,New,830,39.58,,20260423-090129.807
ord326,326,Lavender,1,Pfill,70,23.12,,20260423-090129.807
ord323,323,Lavender,2,Fill,70,23.12,,20260423-090129.807
ord326,326,Lavender,1,Pfill,730,27.34,,20260423-090129.807
ord268,268,Lavender,2,Fill,730,27.34,,20260423-090129.807
ord326,326,Lavender,1,Fill,140,28.64,,20260423-090129.807
ord236,236,Lavender,2,Pfill,140,28.64,,20260423-090129.807
ord327,327,Tulip,2,New,280,38.55,,20260423-090129.807
ord328,328,Lavender,2,Pfill,30,21.19,,20260423-090129.807
ord260,260,Lavender,1,Fill,30,21.19,,20260423-090129.807
ord329,329,Tulip,1,Pfill,90,26.17,,20260423-090129.807
ord220,220,Tulip,2,Fill,90,26.17,,20260423-090129.807
ord330,330,Lavender,2,New,180,44.52,,20260423-090129.807
ord331,331,Lavender,1,Fill,490,19.31,,20260423-090129.807
ord328,328,Lavender,2,Pfill,490,19.31,,20260423-090129.807
ord332,332,Tulip,1,New,850,22.55,,20260423-090129.807
ord333,333,Lotus,1,New,150,20.29,,20260423-090129.807
ord334,334,Lavender,2,New,680,26.09,,20260423-090129.807
ord335,335,Tulip,1,New,600,20.65,,20260423-090129.807
ord336,336,Rose,1,New,490,15.31,,20260423-090129.807
ord337,337,Tulip,1,Fill,510,28.03,,20260423-090129.807
ord251,251,Tulip,2,Pfill,510,28.03,,20260423-090129.807
ord338,338,Orchid,2,Pfill,400,15.81,,20260423-090129.807
ord50,50,Orchid,1,Fill,400,15.81,,20260423-090129.807
ord338,338,Orchid,2,Pfill,40,15.65,,20260423-090129.807
ord273,273,Orchid,1,Fill,40,15.65,,20260423-090129.807
ord339,339,Rose,1,New,460,32.37,,20260423-090129.807
ord340,340,Lavender,1,Pfill,10,19.31,,20260423-090129.808
ord328,328,Lavender,2,Fill,10,19.31,,20260423-090129.808
ord340,340,Lavender,1,Fill,530,26.09,,20260423-090129.808
ord334,334,Lavender,2,Pfill,530,26.09,,20260423-090129.808
ord341,341,Lotus,1,New,150,18.41,,20260423-090129.808
ord342,342,Lotus,2,New,990,34.40,,20260423-090129.808
ord343,343,Lavender,1,Fill,30,26.09,,20260423-090129.808
ord334,334,Lavender,2,Pfill,30,26.09,,20260423-090129.808
ord344,344,Lavender,2,New,840,17.01,,20260423-090129.808
ord345,345,Lavender,1,New,540,15.19,,20260423-090129.808
ord346,346,Tulip,2,Pfill,140,27.29,,20260423-090129.808
ord329,329,Tulip,1,Fill,140,27.29,,20260423-090129.808
ord347,347,Lavender,2,Pfill,130,15.61,,20260423-090129.808
ord267,267,Lavender,1,Fill,130,15.61,,20260423-090129.808
ord347,347,Lavender,2,Fill,100,15.19,,20260423-090129.808
ord345,345,Lavender,1,Pfill,100,15.19,,20260423-090129.808
ord348,348,Rose,2,Pfill,460,32.37,,20260423-090129.808
ord339,339,Rose,1,Fill,460,32.37,,20260423-090129.808
ord348,348,Rose,2,Fill,300,26.02,,20260423-090129.808
ord300,300,Rose,1,Pfill,300,26.02,,20260423-090129.808
ord349,349,Orchid,1,Pfill,370,13.95,,20260423-090129.808
ord338,338,Orchid,2,Fill,370,13.95,,20260423-090129.808
ord349,349,Orchid,1,Fill,250,18.78,,20260423-090129.808
ord296,296,Orchid,2,Pfill,250,18.78,,20260423-090129.808
ord350,350,Tulip,2,New,80,34.94,,20260423-090129.808
ord351,351,Tulip,2,New,550,25.88,,20260423-090129.808
ord352,352,Tulip,1,Fill,20,23.37,,20260423-090129.808
ord346,346,Tulip,2,Pfill,20,23.37,,20260423-090129.808
ord353,353,Rose,2,Pfill,200,26.02,,20260423-090129.808
ord300,300,Rose,1,Fill,200,26.02,,20260423-090129.808
ord354,354,Lotus,2,New,10,21.84,,20260423-090129.808
ord355,355,Tulip,1,Pfill,390,23.37,,20260423-090129.808
ord346,346,Tulip,2,Fill,390,23.37,,20260423-090129.808
ord355,355,Tulip,1,Pfill,550,25.88,,20260423-090129.808
ord351,351,Tulip,2,Fill,550,25.88,,20260423-090129.808
ord355,355,Tulip,1,Fill,60,28.03,,20260423-090129.808
ord251,251,Tulip,2,Pfill,60,28.03,,20260423-090129.808
ord356,356,Rose,2,New,270,23.14,,20260423-090129.808
ord357,357,Lavender,1,Fill,810,17.01,,20260423-090129.808
ord344,344,Lavender,2,Pfill,810,17.01,,20260423-090129.808
ord358,358,Rose,2,Pfill,430,16.58,,20260423-090129.808
ord199,199,Rose,1,Fill,430,16.58,,20260423-090129.808
ord358,358,Rose,2,Fill,310,15.44,,20260423-090129.808
ord262,262,Rose,1,Pfill,310,15.44,,20260423-090129.808
ord359,359,Rose,1,Pfill,100,21.94,,20260423-090129.808
ord353,353,Rose,2,Fill,100,21.94,,20260423-090129.808
ord359,359,Rose,1,Pfill,270,23.14,,20260423-090129.808
ord356,356,Rose,2,Fill,270,23.14,,20260423-090129.808
ord359,359,Rose,1,Pfill,80,35.27,,20260423-090129.808
ord169,169,Rose,2,Fill,80,35.27,,20260423-090129.808
ord359,359,Rose,1,Fill,490,37.19,,20260423-090129.808
ord245,245,Rose,2,Pfill,490,37.19,,20260423-090129.808
ord360,360,Tulip,2,Fill,110,22.55,,20260423-090129.808
ord332,332,Tulip,1,Pfill,110,22.55,,20260423-090129.808
ord361,361,Rose,1,New,880,32.03,,20260423-090129.808
ord362,362,Lavender,2,New,550,26.34,,20260423-090129.808
ord363,363,Orchid,1,Fill,30,18.78,,20260423-090129.808
ord296,296,Orchid,2,Pfill,30,18.78,,20260423-090129.808
ord364,364,Orchid,1,Pfill,270,18.78,,20260423-090129.808
ord296,296,Orchid,2,Fill,270,18.78,,20260423-090129.808
ord364,364,Orchid,1,Fill,220,23.80,,20260423-090129.808
ord317,317,Orchid,2,Pfill,220,23.80,,20260423-090129.808
ord365,365,Tulip,1,New,820,22.66,,20260423-090129.808
ord366,366,Lotus,1,New,50,15.68,,20260423-090129.808
ord367,367,Tulip,1,Fill,230,28.03,,20260423-090129.808
ord251,251,Tulip,2,Pfill,230,28.03,,20260423-090129.808
ord368,368,Tulip,2,New,930,38.91,,20260423-090129.808
ord369,369,Rose,2,Fill,60,32.03,,20260423-090129.808
ord361,361,Rose,1,Pfill,60,32.03,,20260423-090129.808
ord370,370,Tulip,2,Pfill,820,22.66,,20260423-090129.808
ord365,365,Tulip,1,Fill,820,22.66,,20260423-090129.808
ord370,370,Tulip,2,Fill,130,22.55,,20260423-090129.808
ord332,332,Tulip,1,Pfill,130,22.55,,20260423-090129.808
ord371,371,Orchid,2,New,580,14.98,,20260423-090129.808
ord372,372,Lavender,2,Pfill,440,15.19,,20260423-090129.808
ord345,345,Lavender,1,Fill,440,15.19,,20260423-090129.808
ord372,372,Lavender,2,Fill,190,14.83,,20260423-090129.808
ord280,280,Lavender,1,Pfill,190,14.83,,20260423-090129.808
ord373,373,Orchid,2,New,530,19.21,,20260423-090129.808
ord374,374,Lavender,2,New,640,31.23,,20260423-090129.808
ord375,375,Lavender,2,New,30,44.97,,20260423-090129.808
ord376,376,Tulip,1,Pfill,50,28.03,,20260423-090129.808
ord251,251,Tulip,2,Fill,50,28.03,,20260423-090129.808
ord376,376,Tulip,1,Pfill,250,30.39,,20260423-090129.808
ord174,174,Tulip,2,Fill,250,30.39,,20260423-090129.808
ord376,376,Tulip,1,Pfill,80,34.94,,20260423-090129.808
ord350,350,Tulip,2,Fill,80,34.94,,20260423-090129.808
ord376,376,Tulip,1,Pfill,220,35.58,,20260423-090129.808
ord241,241,Tulip,2,Fill,220,35.58,,20260423-090129.808
ord377,377,Rose,2,New,850,33.95,,20260423-090129.808
ord378,378,Lotus,2,Pfill,150,20.29,,20260423-090129.808
ord333,333,Lotus,1,Fill,150,20.29,,20260423-090129.808
ord378,378,Lotus,2,Pfill,640,19.61,,20260423-090129.808
ord47,47,Lotus,1,Fill,640,19.61,,20260423-090129.808
ord378,378,Lotus,2,Fill,180,19.19,,20260423-090129.808
ord143,143,Lotus,1,Pfill,180,19.19,,20260423-090129.808
ord379,379,Tulip,2,Pfill,70,36.80,,20260423-090129.808
ord376,376,Tulip,1,Fill,70,36.80,,20260423-090129.808
ord380,380,Orchid,1,Fill,230,14.98,,20260423-090129.808
ord371,371,Orchid,2,Pfill,230,14.98,,20260423-090129.808
ord381,381,Lotus,1,New,700,16.18,,20260423-090129.808
ord382,382,Orchid,2,New,280,37.00,,20260423-090129.808
ord383,383,Lavender,2,New,970,33.77,,20260423-090129.808
ord384,384,Orchid,1,New,380,12.84,,20260423-090129.808
ord385,385,Lotus,2,New,10,48.50,,20260423-090129.808
ord386,386,Lavender,2,New,570,24.59,,20260423-090129.808
ord387,387,Lotus,1,New,780,12.11,,20260423-090129.808
ord388,388,Lotus,1,New,20,18.43,,20260423-090129.808
ord389,389,Rose,1,New,730,24.74,,20260423-090129.808
ord390,390,Tulip,1,Fill,80,28.30,,20260423-090129.809
ord379,379,Tulip,2,Pfill,80,28.30,,20260423-090129.809
ord391,391,Orchid,2,Pfill,330,13.82,,20260423-090129.809
ord254,254,Orchid,1,Fill,330,13.82,,20260423-090129.809
ord391,391,Orchid,2,Fill,140,13.76,,20260423-090129.809
ord52,52,Orchid,1,Pfill,140,13.76,,20260423-090129.809
ord392,392,Lotus,1,Pfill,10,21.84,,20260423-090129.809
ord354,354,Lotus,2,Fill,10,21.84,,20260423-090129.809
ord392,392,Lotus,1,Fill,710,24.75,,20260423-090129.809
ord302,302,Lotus,2,Pfill,710,24.75,,20260423-090129.809
ord393,393,Lavender,1,Pfill,30,17.01,,20260423-090129.809
ord344,344,Lavender,2,Fill,30,17.01,,20260423-090129.809
ord394,394,Tulip,1,New,220,27.05,,20260423-090129.809
ord395,395,Orchid,2,Fill,30,13.76,,20260423-090129.809
ord52,52,Orchid,1,Pfill,30,13.76,,20260423-090129.809
ord396,396,Lavender,2,Pfill,70,20.68,,20260423-090129.809
ord393,393,Lavender,1,Fill,70,20.68,,20260423-090129.809
ord397,397,Lavender,1,Pfill,610,16.54,,20260423-090129.809
ord396,396,Lavender,2,Fill,610,16.54,,20260423-090129.809
ord397,397,Lavender,1,Fill,330,24.59,,20260423-090129.809
ord386,386,Lavender,2,Pfill,330,24.59,,20260423-090129.809
ord398,398,Orchid,2,New,330,17.36,,20260423-090129.809
ord399,399,Rose,2,Pfill,820,32.03,,20260423-090129.809
ord361,361,Rose,1,Fill,820,32.03,,20260423-090129.809
ord399,399,Rose,2,Fill,80,24.74,,20260423-090129.809
ord389,389,Rose,1,Pfill,80,24.74,,20260423-090129.809
ord400,400,Rose,1,New,500,26.14,,20260423-090129.809
ord401,401,Rose,2,New,1000,41.17,,20260423-090129.809
ord402,402,Lotus,2,New,780,21.22,,20260423-090129.809
ord403,403,Rose,2,Pfill,500,26.14,,20260423-090129.809
ord400,400,Rose,1,Fill,500,26.14,,20260423-090129.809
ord403,403,Rose,2,Fill,30,24.74,,20260423-090129.809
ord389,389,Rose,1,Pfill,30,24.74,,20260423-090129.809
ord404,404,Lavender,1,New,660,24.45,,20260423-090129.809
ord405,405,Lavender,1,Fill,10,24.59,,20260423-090129.809
ord386,386,Lavender,2,Pfill,10,24.59,,20260423-090129.809
ord406,406,Lotus,2,New,720,34.64,,20260423-090129.809
ord407,407,Orchid,1,New,290,14.33,,20260423-090129.809
ord408,408,Rose,2,New,520,41.75,,20260423-090129.809
ord409,409,Lotus,1,Fill,210,21.22,,20260423-090129.809
ord402,402,Lotus,2,Pfill,210,21.22,,20260423-090129.809
ord410,410,Lavender,2,New,400,30.54,,20260423-090129.809
ord411,411,Tulip,2,New,390,33.80,,20260423-090129.809
ord412,412,Lavender,2,Fill,380,24.45,,20260423-090129.809
ord404,404,Lavender,1,Pfill,380,24.45,,20260423-090129.809
ord413,413,Tulip,2,Pfill,220,27.05,,20260423-090129.809
ord394,394,Tulip,1,Fill,220,27.05,,20260423-090129.809
ord414,414,Tulip,2,Fill,390,22.55,,20260423-090129.809
ord332,332,Tulip,1,Pfill,390,22.55,,20260423-090129.809
ord415,415,Lotus,2,Pfill,360,19.19,,20260423-090129.809
ord143,143,Lotus,1,Fill,360,19.19,,20260423-090129.809
ord415,415,Lotus,2,Pfill,400,18.44,,20260423-090129.809
ord84,84,Lotus,1,Fill,400,18.44,,20260423-090129.809
ord415,415,Lotus,2,Pfill,20,18.43,,20260423-090129.809
ord388,388,Lotus,1,Fill,20,18.43,,20260423-090129.809
ord415,415,Lotus,2,Fill,150,18.41,,20260423-090129.809
ord341,341,Lotus,1,Fill,150,18.41,,20260423-090129.809
ord416,416,Rose,1,New,580,23.43,,20260423-090129.809
ord417,417,Tulip,2,New,500,36.65,,20260423-090129.809
ord418,418,Rose,2,New,90,32.30,,20260423-090129.809
ord419,419,Rose,1,Pfill,90,32.30,,20260423-090129.809
ord418,418,Rose,2,Fill,90,32.30,,20260423-090129.809
ord419,419,Rose,1,Fill,120,33.95,,20260423-090129.809
ord377,377,Rose,2,Pfill,120,33.95,,20260423-090129.809
ord420,420,Orchid,2,New,70,43.74,,20260423-090129.809
ord421,421,Orchid,1,Fill,220,14.98,,20260423-090129.809
ord371,371,Orchid,2,Pfill,220,14.98,,20260423-090129.809
ord422,422,Tulip,2,Pfill,220,22.55,,20260423-090129.809
ord332,332,Tulip,1,Fill,220,22.55,,20260423-090129.809
ord422,422,Tulip,2,Pfill,600,20.65,,20260423-090129.809
ord335,335,Tulip,1,Fill,600,20.65,,20260423-090129.809
ord423,423,Tulip,2,New,300,29.84,,20260423-090129.809
ord424,424,Lavender,2,New,370,38.21,,20260423-090129.809
ord425,425,Tulip,1,Pfill,140,20.52,,20260423-090129.809
ord422,422,Tulip,2,Fill,140,20.52,,20260423-090129.809
ord425,425,Tulip,1,Fill,320,25.40,,20260423-090129.809
ord413,413,Tulip,2,Pfill,320,25.40,,20260423-090129.809
ord426,426,Lotus,1,Fill,40,21.22,,20260423-090129.809
ord402,402,Lotus,2,Pfill,40,21.22,,20260423-090129.809
ord427,427,Tulip,2,New,780,41.35,,20260423-090129.809
ord428,428,Lotus,1,Pfill,530,21.22,,20260423-090129.809
ord402,402,Lotus,2,Fill,530,21.22,,20260423-090129.809
ord428,428,Lotus,1,Pfill,130,24.75,,20260423-090129.809
ord302,302,Lotus,2,Fill,130,24.75,,20260423-090129.809
ord428,428,Lotus,1,Fill,280,26.92,,20260423-090129.809
ord283,283,Lotus,2,Pfill,280,26.92,,20260423-090129.809
ord429,429,Orchid,2,New,910,31.02,,20260423-090129.809
ord430,430,Orchid,2,New,50,18.22,,20260423-090129.809
ord431,431,Lavender,2,Pfill,280,24.45,,20260423-090129.809
ord404,404,Lavender,1,Fill,280,24.45,,20260423-090129.809
ord432,432,Orchid,1,Pfill,130,14.98,,20260423-090129.809
ord371,371,Orchid,2,Fill,130,14.98,,20260423-090129.809
ord432,432,Orchid,1,Pfill,330,17.36,,20260423-090129.809
ord398,398,Orchid,2,Fill,330,17.36,,20260423-090129.809
ord432,432,Orchid,1,Pfill,50,18.22,,20260423-090129.809
ord430,430,Orchid,2,Fill,50,18.22,,20260423-090129.809
ord432,432,Orchid,1,Fill,30,19.21,,20260423-090129.809
ord373,373,Orchid,2,Pfill,30,19.21,,20260423-090129.809
ord433,433,Lavender,2,New,120,47.27,,20260423-090129.809
ord434,434,Lavender,2,New,220,32.85,,20260423-090129.809
ord435,435,Rose,2,New,790,31.18,,20260423-090129.809
ord436,436,Tulip,2,New,460,40.15,,20260423-090129.809
ord437,437,Orchid,1,Pfill,500,19.21,,20260423-090129.809
ord373,373,Orchid,2,Fill,500,19.21,,20260423-090129.809
ord437,437,Orchid,1,Fill,260,23.80,,20260423-090129.809
ord317,317,Orchid,2,Pfill,260,23.80,,20260423-090129.809
ord438,438,Tulip,2,Fill,350,16.96,,20260423-090129.809
ord129,129,Tulip,1,Pfill,350,16.96,,20260423-090129.809
ord439,439,Tulip,1,Pfill,330,25.40,,20260423-090129.809
ord413,413,Tulip,2,Fill,330,25.40,,20260423-090129.809
ord440,440,Lavender,2,New,520,38.20,,20260423-090129.809
ord441,441,Lotus,1,Pfill,210,26.92,,20260423-090129.809
ord283,283,Lotus,2,Fill,210,26.92,,20260423-090129.809
ord441,441,Lotus,1,Fill,100,27.62,,20260423-090129.809
ord286,286,Lotus,2,Pfill,100,27.62,,20260423-090129.809
ord442,442,Tulip,2,New,900,28.40,,20260423-090129.810
ord443,443,Orchid,1,New,850,16.26,,20260423-090129.810
ord444,444,Lotus,2,New,610,29.32,,20260423-090129.810
ord445,445,Rose,2,New,900,38.67,,20260423-090129.810
ord446,446,Rose,1,New,160,28.10,,20260423-090129.810
ord447,447,Rose,2,New,510,37.82,,20260423-090129.810
ord448,448,Lotus,1,New,750,20.72,,20260423-090129.810
ord449,449,Rose,1,New,10,16.93,,20260423-090129.810
ord450,450,Rose,1,New,760,28.39,,20260423-090129.810
ord451,451,Rose,1,New,450,28.52,,20260423-090129.810
ord452,452,Lavender,1,Pfill,150,23.09,,20260423-090129.810
ord431,431,Lavender,2,Fill,150,23.09,,20260423-090129.810
ord452,452,Lavender,1,Pfill,230,24.59,,20260423-090129.810
ord386,386,Lavender,2,Fill,230,24.59,,20260423-090129.810
ord452,452,Lavender,1,Pfill,120,26.09,,20260423-090129.810
ord334,334,Lavender,2,Fill,120,26.09,,20260423-090129.810
ord452,452,Lavender,1,Fill,110,26.34,,20260423-090129.810
ord362,362,Lavender,2,Pfill,110,26.34,,20260423-090129.810
ord453,453,Rose,2,Pfill,450,28.52,,20260423-090129.810
ord451,451,Rose,1,Fill,450,28.52,,20260423-090129.810
ord453,453,Rose,2,Fill,60,28.39,,20260423-090129.810
ord450,450,Rose,1,Pfill,60,28.39,,20260423-090129.810
ord454,454,Lotus,1,Pfill,20,27.62,,20260423-090129.810
ord286,286,Lotus,2,Fill,20,27.62,,20260423-090129.810
ord455,455,Rose,1,New,340,18.03,,20260423-090129.810
ord456,456,Tulip,2,New,330,33.48,,20260423-090129.810
ord457,457,Lotus,2,Pfill,550,28.63,,20260423-090129.810
ord454,454,Lotus,1,Fill,550,28.63,,20260423-090129.810
ord457,457,Lotus,2,Fill,220,20.72,,20260423-090129.810
ord448,448,Lotus,1,Pfill,220,20.72,,20260423-090129.810
ord458,458,Lotus,2,New,80,34.44,,20260423-090129.810
ord459,459,Orchid,1,Pfill,150,23.80,,20260423-090129.810
ord317,317,Orchid,2,Fill,150,23.80,,20260423-090129.810
ord459,459,Orchid,1,Fill,560,31.02,,20260423-090129.810
ord429,429,Orchid,2,Pfill,560,31.02,,20260423-090129.810
ord460,460,Lavender,1,Fill,160,26.34,,20260423-090129.810
ord362,362,Lavender,2,Pfill,160,26.34,,20260423-090129.810
ord461,461,Rose,1,Fill,390,31.18,,20260423-090129.810
ord435,435,Rose,2,Pfill,390,31.18,,20260423-090129.810
ord462,462,Lavender,1,New,680,12.47,,20260423-090129.810
ord463,463,Rose,1,New,110,29.60,,20260423-090129.810
ord464,464,Lavender,2,New,270,45.21,,20260423-090129.810
ord465,465,Lotus,2,New,60,38.38,,20260423-090129.810
ord466,466,Lotus,2,New,230,29.26,,20260423-090129.810
ord467,467,Rose,2,New,30,46.73,,20260423-090129.810
ord468,468,Rose,2,Pfill,110,29.60,,20260423-090129.810
ord463,463,Rose,1,Fill,110,29.60,,20260423-090129.810
ord468,468,Rose,2,Fill,410,28.39,,20260423-090129.810
ord450,450,Rose,1,Pfill,410,28.39,,20260423-090129.810
ord469,469,Orchid,1,New,820,15.83,,20260423-090129.810
ord470,470,Orchid,2,New,140,20.82,,20260423-090129.810
ord471,471,Lavender,2,New,370,26.36,,20260423-090129.810
ord472,472,Rose,1,New,540,18.72,,20260423-090129.810
ord473,473,Rose,1,Pfill,400,31.18,,20260423-090129.810
ord435,435,Rose,2,Fill,400,31.18,,20260423-090129.810
ord473,473,Rose,1,Fill,40,33.95,,20260423-090129.810
ord377,377,Rose,2,Pfill,40,33.95,,20260423-090129.810
ord474,474,Tulip,2,Pfill,250,26.32,,20260423-090129.810
ord439,439,Tulip,1,Fill,250,26.32,,20260423-090129.810
ord474,474,Tulip,2,Fill,70,16.96,,20260423-090129.810
ord129,129,Tulip,1,Pfill,70,16.96,,20260423-090129.810
ord475,475,Lotus,1,New,820,18.56,,20260423-090129.810
ord476,476,Tulip,2,New,80,43.39,,20260423-090129.810
ord477,477,Rose,2,Pfill,290,28.39,,20260423-090129.810
ord450,450,Rose,1,Fill,290,28.39,,20260423-090129.810
ord477,477,Rose,2,Pfill,160,28.10,,20260423-090129.810
ord446,446,Rose,1,Fill,160,28.10,,20260423-090129.810
ord477,477,Rose,2,Fill,50,24.74,,20260423-090129.810
ord389,389,Rose,1,Pfill,50,24.74,,20260423-090129.810
ord478,478,Lotus,2,Fill,320,20.72,,20260423-090129.810
ord448,448,Lotus,1,Pfill,320,20.72,,20260423-090129.810
ord479,479,Orchid,1,New,220,16.86,,20260423-090129.810
ord480,480,Orchid,2,New,430,32.55,,20260423-090129.810
ord481,481,Lotus,1,Fill,560,28.67,,20260423-090129.810
ord311,311,Lotus,2,Pfill,560,28.67,,20260423-090129.810
ord482,482,Tulip,1,New,850,23.89,,20260423-090129.810
ord483,483,Lavender,1,Pfill,280,26.34,,20260423-090129.810
ord362,362,Lavender,2,Fill,280,26.34,,20260423-090129.810
ord483,483,Lavender,1,Pfill,370,26.36,,20260423-090129.810
ord471,471,Lavender,2,Fill,370,26.36,,20260423-090129.810
ord483,483,Lavender,1,Fill,300,28.64,,20260423-090129.810
ord236,236,Lavender,2,Pfill,300,28.64,,20260423-090129.810
ord484,484,Orchid,2,New,340,22.29,,20260423-090129.810
ord485,485,Orchid,1,Pfill,140,20.82,,20260423-090129.810
ord470,470,Orchid,2,Fill,140,20.82,,20260423-090129.810
ord485,485,Orchid,1,Pfill,340,22.29,,20260423-090129.810
ord484,484,Orchid,2,Fill,340,22.29,,20260423-090129.810
ord485,485,Orchid,1,Fill,180,31.02,,20260423-090129.810
ord429,429,Orchid,2,Pfill,180,31.02,,20260423-090129.810
ord486,486,Orchid,1,New,980,15.55,,20260423-090129.810
ord487,487,Orchid,2,New,580,41.97,,20260423-090129.810
ord488,488,Rose,1,New,930,28.24,,20260423-090129.810
ord489,489,Lavender,1,New,890,13.69,,20260423-090129.810
ord490,490,Lotus,1,New,250,23.62,,20260423-090129.810
ord491,491,Tulip,2,New,580,43.65,,20260423-090129.810
ord492,492,Lavender,1,Pfill,220,28.64,,20260423-090129.810
ord236,236,Lavender,2,Fill,220,28.64,,20260423-090129.810
ord492,492,Lavender,1,Pfill,180,28.81,,20260423-090129.810
ord320,320,Lavender,2,Fill,180,28.81,,20260423-090129.810
ord492,492,Lavender,1,Fill,400,30.54,,20260423-090129.810
ord410,410,Lavender,2,Fill,400,30.54,,20260423-090129.810
ord493,493,Tulip,2,New,40,35.95,,20260423-090129.810
ord494,494,Rose,2,Fill,730,28.24,,20260423-090129.810
ord488,488,Rose,1,Pfill,730,28.24,,20260423-090129.810
ord495,495,Lotus,1,New,450,25.49,,20260423-090129.810
ord496,496,Tulip,2,Fill,200,23.89,,20260423-090129.811
ord482,482,Tulip,1,Pfill,200,23.89,,20260423-090129.811
ord497,497,Lotus,2,Fill,190,25.49,,20260423-090129.811
ord495,495,Lotus,1,Pfill,190,25.49,,20260423-090129.811
ord498,498,Orchid,1,Pfill,170,31.02,,20260423-090129.811
ord429,429,Orchid,2,Fill,170,31.02,,20260423-090129.811
ord498,498,Orchid,1,Pfill,430,32.55,,20260423-090129.811
ord480,480,Orchid,2,Fill,430,32.55,,20260423-090129.811
ord499,499,Rose,1,New,190,17.61,,20260423-090129.811
ord500,500,Lotus,2,Pfill,260,25.49,,20260423-090129.811
ord495,495,Lotus,1,Fill,260,25.49,,20260423-090129.811
ord500,500,Lotus,2,Fill,160,23.62,,20260423-090129.811
ord490,490,Lotus,1,Pfill,160,23.62,,20260423-090129.811
ord501,501,Lavender,2,New,410,46.15,,20260423-090129.811
ord502,502,Rose,2,Fill,30,28.24,,20260423-090129.811
ord488,488,Rose,1,Pfill,30,28.24,,20260423-090129.811
ord503,503,Orchid,1,New,790,25.46,,20260423-090129.811
ord504,504,Tulip,1,New,400,27.90,,20260423-090129.811
ord505,505,Lotus,2,New,40,37.87,,20260423-090129.811
ord506,506,Rose,2,Pfill,170,28.24,,20260423-090129.811
ord488,488,Rose,1,Fill,170,28.24,,20260423-090129.811
ord506,506,Rose,2,Fill,500,24.74,,20260423-090129.811
ord389,389,Rose,1,Pfill,500,24.74,,20260423-090129.811
ord507,507,Lavender,2,Pfill,540,14.83,,20260423-090129.811
ord280,280,Lavender,1,Fill,540,14.83,,20260423-090129.811
ord507,507,Lavender,2,Fill,150,14.49,,20260423-090129.811
ord49,49,Lavender,1,Pfill,150,14.49,,20260423-090129.811
ord508,508,Tulip,2,New,370,43.81,,20260423-090129.811
ord509,509,Lotus,2,Pfill,90,23.62,,20260423-090129.811
ord490,490,Lotus,1,Fill,90,23.62,,20260423-090129.811
ord509,509,Lotus,2,Pfill,210,20.72,,20260423-090129.811
ord448,448,Lotus,1,Fill,210,20.72,,20260423-090129.811
ord510,510,Lavender,1,New,520,11.67,,20260423-090129.811
ord511,511,Lotus,1,New,100,16.31,,20260423-090129.811
ord512,512,Tulip,2,Pfill,400,27.90,,20260423-090129.811
ord504,504,Tulip,1,Fill,400,27.90,,20260423-090129.811
ord512,512,Tulip,2,Fill,170,23.89,,20260423-090129.811
ord482,482,Tulip,1,Pfill,170,23.89,,20260423-090129.811
ord513,513,Orchid,1,Pfill,750,34.21,,20260423-090129.811
ord231,231,Orchid,2,Fill,750,34.21,,20260423-090129.811
ord513,513,Orchid,1,Fill,140,35.22,,20260423-090129.811
ord226,226,Orchid,2,Pfill,140,35.22,,20260423-090129.811
ord514,514,Lavender,1,Pfill,60,30.60,,20260423-090129.811
ord211,211,Lavender,2,Fill,60,30.60,,20260423-090129.811
ord514,514,Lavender,1,Pfill,130,30.89,,20260423-090129.811
ord224,224,Lavender,2,Fill,130,30.89,,20260423-090129.811
ord514,514,Lavender,1,Fill,510,31.23,,20260423-090129.811
ord374,374,Lavender,2,Pfill,510,31.23,,20260423-090129.811
ord515,515,Orchid,1,Pfill,80,35.22,,20260423-090129.811
ord226,226,Orchid,2,Fill,80,35.22,,20260423-090129.811
ord516,516,Tulip,2,New,540,49.57,,20260423-090129.811
ord517,517,Lavender,1,Pfill,130,31.23,,20260423-090129.811
ord374,374,Lavender,2,Fill,130,31.23,,20260423-090129.811
ord517,517,Lavender,1,Pfill,220,32.85,,20260423-090129.811
ord434,434,Lavender,2,Fill,220,32.85,,20260423-090129.811
ord517,517,Lavender,1,Fill,340,33.46,,20260423-090129.811
ord282,282,Lavender,2,Pfill,340,33.46,,20260423-090129.811
ord518,518,Lotus,2,New,880,35.09,,20260423-090129.811
ord519,519,Tulip,2,Fill,320,23.89,,20260423-090129.811
ord482,482,Tulip,1,Pfill,320,23.89,,20260423-090129.811
ord520,520,Tulip,1,Pfill,420,28.30,,20260423-090129.811
ord379,379,Tulip,2,Fill,420,28.30,,20260423-090129.811
ord520,520,Tulip,1,Fill,450,28.40,,20260423-090129.811
ord442,442,Tulip,2,Pfill,450,28.40,,20260423-090129.811
ord521,521,Orchid,2,Fill,170,35.55,,20260423-090129.811
ord515,515,Orchid,1,Pfill,170,35.55,,20260423-090129.811
ord522,522,Orchid,2,New,940,46.40,,20260423-090129.811
ord523,523,Lavender,1,Pfill,110,33.46,,20260423-090129.811
ord282,282,Lavender,2,Fill,110,33.46,,20260423-090129.811
ord523,523,Lavender,1,Fill,750,33.77,,20260423-090129.811
ord383,383,Lavender,2,Pfill,750,33.77,,20260423-090129.811
ord524,524,Rose,1,New,290,23.54,,20260423-090129.811
ord525,525,Tulip,1,New,510,19.19,,20260423-090129.811
ord526,526,Rose,1,New,660,33.41,,20260423-090129.811
ord527,527,Lavender,1,New,590,33.10,,20260423-090129.811
ord528,528,Orchid,2,Pfill,190,35.55,,20260423-090129.811
ord515,515,Orchid,1,Fill,190,35.55,,20260423-090129.811
ord528,528,Orchid,2,Pfill,60,32.72,,20260423-090129.811
ord498,498,Orchid,1,Fill,60,32.72,,20260423-090129.811
ord528,528,Orchid,2,Fill,380,25.46,,20260423-090129.811
ord503,503,Orchid,1,Pfill,380,25.46,,20260423-090129.811
ord529,529,Orchid,1,New,920,27.56,,20260423-090129.811
ord530,530,Tulip,2,New,760,41.45,,20260423-090129.811
ord531,531,Rose,1,Pfill,690,33.95,,20260423-090129.811
ord377,377,Rose,2,Fill,690,33.95,,20260423-090129.811
ord531,531,Rose,1,Pfill,60,37.19,,20260423-090129.811
ord245,245,Rose,2,Fill,60,37.19,,20260423-090129.811
ord531,531,Rose,1,Fill,200,37.28,,20260423-090129.811
ord170,170,Rose,2,Pfill,200,37.28,,20260423-090129.811
ord532,532,Tulip,1,New,420,16.21,,20260423-090129.811
ord533,533,Lavender,2,New,590,43.27,,20260423-090129.812
ord534,534,Lavender,1,New,970,31.18,,20260423-090129.812
ord535,535,Lotus,1,Pfill,530,19.80,,20260423-090129.812
ord509,509,Lotus,2,Fill,530,19.80,,20260423-090129.812
ord536,536,Tulip,2,Pfill,160,23.89,,20260423-090129.812
ord482,482,Tulip,1,Fill,160,23.89,,20260423-090129.812
ord536,536,Tulip,2,Pfill,510,19.19,,20260423-090129.812
ord525,525,Tulip,1,Fill,510,19.19,,20260423-090129.812
ord536,536,Tulip,2,Fill,170,16.96,,20260423-090129.812
ord129,129,Tulip,1,Pfill,170,16.96,,20260423-090129.812
ord537,537,Orchid,1,Pfill,280,37.00,,20260423-090129.812
ord382,382,Orchid,2,Fill,280,37.00,,20260423-090129.812
ord537,537,Orchid,1,Fill,720,39.58,,20260423-090129.812
ord325,325,Orchid,2,Pfill,720,39.58,,20260423-090129.812
ord538,538,Tulip,1,New,610,22.98,,20260423-090129.812
ord539,539,Lavender,1,New,300,33.13,,20260423-090129.812
ord540,540,Lavender,2,Pfill,300,33.13,,20260423-090129.812
ord539,539,Lavender,1,Fill,300,33.13,,20260423-090129.812
ord540,540,Lavender,2,Fill,140,33.10,,20260423-090129.812
ord527,527,Lavender,1,Pfill,140,33.10,,20260423-090129.812
ord541,541,Orchid,2,New,650,34.23,,20260423-090129.812
ord542,542,Lavender,2,New,910,42.24,,20260423-090129.812
ord543,543,Rose,1,Fill,320,37.28,,20260423-090129.812
ord170,170,Rose,2,Pfill,320,37.28,,20260423-090129.812
ord544,544,Lavender,1,New,750,25.92,,20260423-090129.812
ord545,545,Lavender,1,New,780,27.39,,20260423-090129.812
ord546,546,Lavender,1,New,390,11.82,,20260423-090129.812
ord547,547,Lotus,2,New,980,47.28,,20260423-090129.812
ord548,548,Tulip,2,Fill,130,22.98,,20260423-090129.812
ord538,538,Tulip,1,Pfill,130,22.98,,20260423-090129.812
ord549,549,Tulip,2,Pfill,480,22.98,,20260423-090129.812
ord538,538,Tulip,1,Fill,480,22.98,,20260423-090129.812
ord550,550,Tulip,1,New,980,12.06,,20260423-090129.812
ord551,551,Lotus,2,New,780,40.20,,20260423-090129.812
ord552,552,Lotus,1,Pfill,400,28.67,,20260423-090129.812
ord311,311,Lotus,2,Fill,400,28.67,,20260423-090129.812
ord552,552,Lotus,1,Pfill,230,29.26,,20260423-090129.812
ord466,466,Lotus,2,Fill,230,29.26,,20260423-090129.812
ord552,552,Lotus,1,Fill,150,29.32,,20260423-090129.812
ord444,444,Lotus,2,Pfill,150,29.32,,20260423-090129.812
ord553,553,Orchid,2,New,900,41.71,,20260423-090129.812
ord554,554,Orchid,2,New,500,39.47,,20260423-090129.812
ord555,555,Tulip,2,New,270,49.50,,20260423-090129.812
ord556,556,Tulip,2,New,530,27.74,,20260423-090129.812
ord557,557,Rose,1,Pfill,320,37.28,,20260423-090129.812
ord170,170,Rose,2,Fill,320,37.28,,20260423-090129.812
ord558,558,Rose,2,Pfill,250,37.28,,20260423-090129.812
ord557,557,Rose,1,Fill,250,37.28,,20260423-090129.812
ord558,558,Rose,2,Pfill,660,33.41,,20260423-090129.812
ord526,526,Rose,1,Fill,660,33.41,,20260423-090129.812
ord558,558,Rose,2,Fill,30,24.74,,20260423-090129.812
ord389,389,Rose,1,Pfill,30,24.74,,20260423-090129.812
ord559,559,Lavender,1,New,130,27.68,,20260423-090129.812
ord560,560,Tulip,2,New,50,31.42,,20260423-090129.812
ord561,561,Lavender,2,Pfill,450,33.10,,20260423-090129.812
ord527,527,Lavender,1,Fill,450,33.10,,20260423-090129.812
ord561,561,Lavender,2,Fill,320,31.18,,20260423-090129.812
ord534,534,Lavender,1,Pfill,320,31.18,,20260423-090129.812
ord562,562,Lavender,2,New,420,34.52,,20260423-090129.812
ord563,563,Rose,2,Pfill,40,24.74,,20260423-090129.812
ord389,389,Rose,1,Fill,40,24.74,,20260423-090129.812
ord563,563,Rose,2,Pfill,290,23.54,,20260423-090129.812
ord524,524,Rose,1,Fill,290,23.54,,20260423-090129.812
ord563,563,Rose,2,Fill,320,23.43,,20260423-090129.812
ord416,416,Rose,1,Pfill,320,23.43,,20260423-090129.812
ord564,564,Lavender,2,Fill,30,31.18,,20260423-090129.812
ord534,534,Lavender,1,Pfill,30,31.18,,20260423-090129.812
ord565,565,Lavender,1,New,380,33.34,,20260423-090129.812
ord566,566,Tulip,1,New,150,19.50,,20260423-090129.812
ord567,567,Orchid,2,New,310,42.72,,20260423-090129.812
ord568,568,Lavender,1,Fill,110,33.77,,20260423-090129.812
ord383,383,Lavender,2,Pfill,110,33.77,,20260423-090129.812
ord569,569,Tulip,1,Fill,220,21.25,,20260423-090129.812
ord549,549,Tulip,2,Pfill,220,21.25,,20260423-090129.812
ord570,570,Tulip,1,New,240,14.57,,20260423-090129.812
ord571,571,Lavender,1,Pfill,110,33.77,,20260423-090129.812
ord383,383,Lavender,2,Fill,110,33.77,,20260423-090129.812
ord571,571,Lavender,1,Fill,830,34.20,,20260423-090129.812
ord313,313,Lavender,2,Pfill,830,34.20,,20260423-090129.812
ord572,572,Lotus,1,Fill,300,29.32,,20260423-090129.812
ord444,444,Lotus,2,Pfill,300,29.32,,20260423-090129.812
ord573,573,Rose,2,Pfill,260,23.43,,20260423-090129.812
ord416,416,Rose,1,Fill,260,23.43,,20260423-090129.812
ord573,573,Rose,2,Pfill,540,18.72,,20260423-090129.812
ord472,472,Rose,1,Fill,540,18.72,,20260423-090129.812
ord573,573,Rose,2,Fill,190,18.03,,20260423-090129.812
ord455,455,Rose,1,Pfill,190,18.03,,20260423-090129.812
ord574,574,Lotus,1,New,80,27.68,,20260423-090129.812
ord575,575,Lotus,1,Pfill,160,29.32,,20260423-090129.812
ord444,444,Lotus,2,Fill,160,29.32,,20260423-090129.812
ord576,576,Rose,1,New,930,35.90,,20260423-090129.812
ord577,577,Lavender,2,Fill,210,33.34,,20260423-090129.812
ord565,565,Lavender,1,Pfill,210,33.34,,20260423-090129.812
ord578,578,Tulip,2,New,210,26.83,,20260423-090129.812
ord579,579,Lavender,2,Fill,90,33.34,,20260423-090129.812
ord565,565,Lavender,1,Pfill,90,33.34,,20260423-090129.812
ord580,580,Tulip,2,New,90,39.54,,20260423-090129.812
ord581,581,Lotus,2,Pfill,800,33.32,,20260423-090129.812
ord575,575,Lotus,1,Fill,800,33.32,,20260423-090129.812
ord582,582,Lotus,1,New,860,19.05,,20260423-090129.812
ord583,583,Lavender,1,New,300,33.64,,20260423-090129.812
ord584,584,Lotus,2,Pfill,80,27.68,,20260423-090129.812
ord574,574,Lotus,1,Fill,80,27.68,,20260423-090129.812
ord584,584,Lotus,2,Pfill,50,22.78,,20260423-090129.812
ord535,535,Lotus,1,Fill,50,22.78,,20260423-090129.812
ord584,584,Lotus,2,Fill,380,19.05,,20260423-090129.812
ord582,582,Lotus,1,Pfill,380,19.05,,20260423-090129.812
ord585,585,Orchid,1,New,880,20.85,,20260423-090129.812
ord586,586,Lavender,1,Pfill,50,34.20,,20260423-090129.812
ord313,313,Lavender,2,Fill,50,34.20,,20260423-090129.812
ord586,586,Lavender,1,Pfill,420,34.52,,20260423-090129.812
ord562,562,Lavender,2,Fill,420,34.52,,20260423-090129.812
ord587,587,Tulip,2,New,370,31.02,,20260423-090129.813
ord588,588,Orchid,2,Fill,500,27.56,,20260423-090129.813
ord529,529,Orchid,1,Pfill,500,27.56,,20260423-090129.813
ord589,589,Lotus,1,New,300,22.88,,20260423-090129.813
ord590,590,Tulip,2,Fill,100,19.50,,20260423-090129.813
ord566,566,Tulip,1,Pfill,100,19.50,,20260423-090129.813
ord591,591,Tulip,1,Pfill,280,21.25,,20260423-090129.813
ord549,549,Tulip,2,Fill,280,21.25,,20260423-090129.813
ord591,591,Tulip,1,Fill,160,26.83,,20260423-090129.813
ord578,578,Tulip,2,Pfill,160,26.83,,20260423-090129.813
ord592,592,Lotus,2,New,850,24.77,,20260423-090129.813
ord593,593,Lavender,1,Pfill,520,38.20,,20260423-090129.813
ord440,440,Lavender,2,Fill,520,38.20,,20260423-090129.813
ord593,593,Lavender,1,Fill,100,38.21,,20260423-090129.813
ord424,424,Lavender,2,Pfill,100,38.21,,20260423-090129.813
ord594,594,Lavender,2,New,260,40.80,,20260423-090129.813
ord595,595,Rose,1,New,580,14.32,,20260423-090129.813
ord596,596,Rose,1,New,200,30.99,,20260423-090129.813
ord597,597,Rose,2,Fill,520,35.90,,20260423-090129.813
ord576,576,Rose,1,Pfill,520,35.90,,20260423-090129.813
ord598,598,Tulip,1,New,700,18.79,,20260423-090129.813
ord599,599,Rose,2,New,340,46.43,,20260423-090129.813
ord600,600,Lotus,1,Fill,720,24.77,,20260423-090129.813
ord592,592,Lotus,2,Pfill,720,24.77,,20260423-090129.813
ord601,601,Lotus,2,Pfill,300,22.88,,20260423-090129.813
ord589,589,Lotus,1,Fill,300,22.88,,20260423-090129.813
ord601,601,Lotus,2,Fill,160,19.05,,20260423-090129.813
ord582,582,Lotus,1,Pfill,160,19.05,,20260423-090129.813
ord602,602,Lotus,1,New,520,10.87,,20260423-090129.813
ord603,603,Rose,1,New,860,18.25,,20260423-090129.813
ord604,604,Tulip,1,Pfill,50,26.83,,20260423-090129.813
ord578,578,Tulip,2,Fill,50,26.83,,20260423-090129.813
ord604,604,Tulip,1,Pfill,530,27.74,,20260423-090129.813
ord556,556,Tulip,2,Fill,530,27.74,,20260423-090129.813
ord604,604,Tulip,1,Fill,120,28.40,,20260423-090129.813
ord442,442,Tulip,2,Pfill,120,28.40,,20260423-090129.813
ord605,605,Lotus,2,Pfill,320,19.05,,20260423-090129.813
ord582,582,Lotus,1,Fill,320,19.05,,20260423-090129.813
ord605,605,Lotus,2,Fill,10,18.56,,20260423-090129.813
ord475,475,Lotus,1,Pfill,10,18.56,,20260423-090129.813
ord606,606,Orchid,2,New,10,34.76,,20260423-090129.813
ord607,607,Rose,1,Pfill,240,37.43,,20260423-090129.813
ord223,223,Rose,2,Fill,240,37.43,,20260423-090129.813
ord607,607,Rose,1,Fill,140,37.82,,20260423-090129.813
ord447,447,Rose,2,Pfill,140,37.82,,20260423-090129.813
ord608,608,Lotus,2,Fill,180,18.56,,20260423-090129.813
ord475,475,Lotus,1,Pfill,180,18.56,,20260423-090129.813
ord609,609,Orchid,2,New,170,46.51,,20260423-090129.813
ord610,610,Lavender,2,Pfill,170,35.38,,20260423-090129.813
ord586,586,Lavender,1,Fill,170,35.38,,20260423-090129.813
ord610,610,Lavender,2,Pfill,300,33.64,,20260423-090129.813
ord583,583,Lavender,1,Fill,300,33.64,,20260423-090129.813
ord610,610,Lavender,2,Pfill,80,33.34,,20260423-090129.813
ord565,565,Lavender,1,Fill,80,33.34,,20260423-090129.813
ord610,610,Lavender,2,Fill,280,31.18,,20260423-090129.813
ord534,534,Lavender,1,Pfill,280,31.18,,20260423-090129.813
ord611,611,Tulip,1,Pfill,330,28.40,,20260423-090129.813
ord442,442,Tulip,2,Fill,330,28.40,,20260423-090129.813
ord611,611,Tulip,1,Pfill,300,29.84,,20260423-090129.813
ord423,423,Tulip,2,Fill,300,29.84,,20260423-090129.813
ord611,611,Tulip,1,Fill,60,31.02,,20260423-090129.813
ord587,587,Tulip,2,Pfill,60,31.02,,20260423-090129.813
ord612,612,Orchid,1,Fill,30,34.23,,20260423-090129.813
ord541,541,Orchid,2,Pfill,30,34.23,,20260423-090129.813
ord613,613,Lavender,2,Fill,270,31.18,,20260423-090129.813
ord534,534,Lavender,1,Pfill,270,31.18,,20260423-090129.813
ord614,614,Rose,2,Pfill,410,35.90,,20260423-090129.813
ord576,576,Rose,1,Fill,410,35.90,,20260423-090129.813
ord614,614,Rose,2,Pfill,200,30.99,,20260423-090129.813
ord596,596,Rose,1,Fill,200,30.99,,20260423-090129.813
ord614,614,Rose,2,Fill,10,18.25,,20260423-090129.813
ord603,603,Rose,1,Pfill,10,18.25,,20260423-090129.813
ord615,615,Orchid,1,New,320,18.00,,20260423-090129.813
ord616,616,Orchid,2,New,30,33.00,,20260423-090129.813
ord617,617,Lavender,2,New,570,32.68,,20260423-090129.813
ord618,618,Tulip,2,New,930,21.97,,20260423-090129.813
ord619,619,Tulip,2,Pfill,50,19.50,,20260423-090129.813
ord566,566,Tulip,1,Fill,50,19.50,,20260423-090129.813
ord619,619,Tulip,2,Pfill,700,18.79,,20260423-090129.813
ord598,598,Tulip,1,Fill,700,18.79,,20260423-090129.813
ord619,619,Tulip,2,Pfill,100,16.96,,20260423-090129.813
ord129,129,Tulip,1,Fill,100,16.96,,20260423-090129.813
ord619,619,Tulip,2,Fill,30,16.90,,20260423-090129.813
ord137,137,Tulip,1,Pfill,30,16.90,,20260423-090129.813
ord620,620,Lotus,2,New,990,36.44,,20260423-090129.813
ord621,621,Lavender,2,New,750,45.89,,20260423-090129.813
ord622,622,Lotus,1,New,380,17.25,,20260423-090129.813
ord623,623,Orchid,1,Pfill,30,33.00,,20260423-090129.813
ord616,616,Orchid,2,Fill,30,33.00,,20260423-090129.813
ord623,623,Orchid,1,Fill,490,34.23,,20260423-090129.813
ord541,541,Orchid,2,Pfill,490,34.23,,20260423-090129.813
ord624,624,Lavender,2,Pfill,70,31.18,,20260423-090129.813
ord534,534,Lavender,1,Fill,70,31.18,,20260423-090129.813
ord624,624,Lavender,2,Pfill,130,27.68,,20260423-090129.813
ord559,559,Lavender,1,Fill,130,27.68,,20260423-090129.813
ord624,624,Lavender,2,Fill,620,27.39,,20260423-090129.813
ord545,545,Lavender,1,Pfill,620,27.39,,20260423-090129.813
ord625,625,Orchid,2,Pfill,420,27.56,,20260423-090129.813
ord529,529,Orchid,1,Fill,420,27.56,,20260423-090129.813
ord626,626,Orchid,2,New,360,36.08,,20260423-090129.813
ord627,627,Rose,1,Pfill,370,37.82,,20260423-090129.813
ord447,447,Rose,2,Fill,370,37.82,,20260423-090129.813
ord627,627,Rose,1,Fill,20,38.18,,20260423-090129.813
ord205,205,Rose,2,Pfill,20,38.18,,20260423-090129.813
ord628,628,Lavender,2,Pfill,160,27.39,,20260423-090129.813
ord545,545,Lavender,1,Fill,160,27.39,,20260423-090129.813
ord629,629,Rose,2,New,960,34.64,,20260423-090129.813
ord630,630,Orchid,1,Pfill,370,25.75,,20260423-090129.813
ord625,625,Orchid,2,Fill,370,25.75,,20260423-090129.813
ord630,630,Orchid,1,Pfill,130,34.23,,20260423-090129.813
ord541,541,Orchid,2,Fill,130,34.23,,20260423-090129.813
ord630,630,Orchid,1,Pfill,10,34.76,,20260423-090129.813
ord606,606,Orchid,2,Fill,10,34.76,,20260423-090129.813
ord630,630,Orchid,1,Fill,60,36.08,,20260423-090129.813
ord626,626,Orchid,2,Pfill,60,36.08,,20260423-090129.813
ord631,631,Rose,1,Fill,410,34.64,,20260423-090129.813
ord629,629,Rose,2,Pfill,410,34.64,,20260423-090129.813
ord632,632,Lotus,1,Pfill,130,24.77,,20260423-090129.813
ord592,592,Lotus,2,Fill,130,24.77,,20260423-090129.813
ord633,633,Orchid,2,Fill,180,25.46,,20260423-090129.813
ord503,503,Orchid,1,Pfill,180,25.46,,20260423-090129.813
ord634,634,Lavender,1,New,260,25.80,,20260423-090129.813
ord635,635,Lavender,2,New,840,36.34,,20260423-090129.813
ord636,636,Rose,1,Fill,20,34.64,,20260423-090129.813
ord629,629,Rose,2,Pfill,20,34.64,,20260423-090129.813
ord637,637,Orchid,2,Fill,230,25.46,,20260423-090129.813
ord503,503,Orchid,1,Fill,230,25.46,,20260423-090129.813
ord638,638,Lavender,1,Fill,290,26.48,,20260423-090129.813
ord628,628,Lavender,2,Pfill,290,26.48,,20260423-090129.813
ord639,639,Rose,2,New,450,43.44,,20260423-090129.813
ord640,640,Lavender,2,New,780,33.61,,20260423-090129.813
ord641,641,Rose,1,Pfill,530,34.64,,20260423-090129.813
ord629,629,Rose,2,Fill,530,34.64,,20260423-090129.813
ord641,641,Rose,1,Fill,300,38.18,,20260423-090129.813
ord205,205,Rose,2,Pfill,300,38.18,,20260423-090129.813
ord642,642,Lavender,2,New,380,38.82,,20260423-090129.813
ord643,643,Lavender,2,New,250,44.89,,20260423-090129.814
ord644,644,Tulip,2,New,140,33.63,,20260423-090129.814
ord645,645,Lavender,1,Fill,500,26.48,,20260423-090129.814
ord628,628,Lavender,2,Pfill,500,26.48,,20260423-090129.814
ord646,646,Lavender,2,Fill,310,25.92,,20260423-090129.814
ord544,544,Lavender,1,Pfill,310,25.92,,20260423-090129.814
ord647,647,Rose,2,Fill,230,18.25,,20260423-090129.814
ord603,603,Rose,1,Pfill,230,18.25,,20260423-090129.814
ord648,648,Tulip,2,Pfill,340,16.90,,20260423-090129.814
ord137,137,Tulip,1,Fill,340,16.90,,20260423-090129.814
ord648,648,Tulip,2,Pfill,30,16.88,,20260423-090129.814
ord153,153,Tulip,1,Fill,30,16.88,,20260423-090129.814
ord648,648,Tulip,2,Fill,300,16.21,,20260423-090129.814
ord532,532,Tulip,1,Pfill,300,16.21,,20260423-090129.814
ord649,649,Lavender,1,Pfill,20,26.48,,20260423-090129.814
ord628,628,Lavender,2,Fill,20,26.48,,20260423-090129.814
ord649,649,Lavender,1,Fill,190,32.68,,20260423-090129.814
ord617,617,Lavender,2,Pfill,190,32.68,,20260423-090129.814
ord650,650,Orchid,1,Pfill,300,36.08,,20260423-090129.814
ord626,626,Orchid,2,Fill,300,36.08,,20260423-090129.814
ord650,650,Orchid,1,Fill,480,39.47,,20260423-090129.814
ord554,554,Orchid,2,Pfill,480,39.47,,20260423-090129.814
ord651,651,Orchid,2,New,180,30.55,,20260423-090129.814
ord652,652,Rose,1,New,320,18.71,,20260423-090129.814
ord653,653,Tulip,1,Fill,240,21.97,,20260423-090129.814
ord618,618,Tulip,2,Pfill,240,21.97,,20260423-090129.814
ord654,654,Lavender,2,Pfill,440,25.92,,20260423-090129.814
ord544,544,Lavender,1,Fill,440,25.92,,20260423-090129.814
ord654,654,Lavender,2,Fill,110,25.80,,20260423-090129.814
ord634,634,Lavender,1,Pfill,110,25.80,,20260423-090129.814
ord655,655,Lavender,1,New,970,30.31,,20260423-090129.814
ord656,656,Rose,2,Pfill,320,18.71,,20260423-090129.814
ord652,652,Rose,1,Fill,320,18.71,,20260423-090129.814
ord656,656,Rose,2,Fill,470,18.25,,20260423-090129.814
ord603,603,Rose,1,Pfill,470,18.25,,20260423-090129.814
ord657,657,Rose,2,New,650,29.44,,20260423-090129.814
ord658,658,Rose,2,New,230,45.20,,20260423-090129.814
ord659,659,Lavender,1,New,700,31.18,,20260423-090129.814
ord660,660,Lotus,1,Pfill,20,29.78,,20260423-090129.814
ord581,581,Lotus,2,Fill,20,29.78,,20260423-090129.814
ord660,660,Lotus,1,Fill,630,34.40,,20260423-090129.814
ord342,342,Lotus,2,Pfill,630,34.40,,20260423-090129.814
ord661,661,Orchid,2,New,180,48.69,,20260423-090129.814
ord662,662,Lotus,1,New,90,26.06,,20260423-090129.814
ord663,663,Tulip,2,New,300,44.52,,20260423-090129.814
ord664,664,Rose,1,New,600,28.52,,20260423-090129.814
ord665,665,Lavender,1,New,260,15.49,,20260423-090129.814
ord666,666,Lotus,2,New,600,36.83,,20260423-090129.814
ord667,667,Tulip,2,New,270,43.61,,20260423-090129.814
ord668,668,Lotus,1,New,670,17.18,,20260423-090129.814
ord669,669,Lotus,1,Pfill,360,34.40,,20260423-090129.814
ord342,342,Lotus,2,Fill,360,34.40,,20260423-090129.814
ord669,669,Lotus,1,Pfill,80,34.44,,20260423-090129.814
ord458,458,Lotus,2,Fill,80,34.44,,20260423-090129.814
ord669,669,Lotus,1,Fill,290,34.64,,20260423-090129.814
ord406,406,Lotus,2,Pfill,290,34.64,,20260423-090129.814
ord670,670,Lavender,1,New,830,14.86,,20260423-090129.814
ord671,671,Orchid,2,Fill,220,20.85,,20260423-090129.814
ord585,585,Orchid,1,Pfill,220,20.85,,20260423-090129.814
ord672,672,Lotus,2,New,780,44.11,,20260423-090129.814
ord673,673,Orchid,2,New,380,26.73,,20260423-090129.814
ord674,674,Orchid,1,New,930,16.10,,20260423-090129.814
ord675,675,Tulip,1,New,510,21.94,,20260423-090129.814
ord676,676,Orchid,2,New,600,32.59,,20260423-090129.814
ord677,677,Orchid,1,New,340,18.51,,20260423-090129.814
ord678,678,Lotus,1,Pfill,430,34.64,,20260423-090129.814
ord406,406,Lotus,2,Fill,430,34.64,,20260423-090129.814
ord678,678,Lotus,1,Fill,220,35.09,,20260423-090129.814
ord518,518,Lotus,2,Pfill,220,35.09,,20260423-090129.814
ord679,679,Tulip,1,Fill,500,21.97,,20260423-090129.814
ord618,618,Tulip,2,Pfill,500,21.97,,20260423-090129.814
ord680,680,Tulip,1,Fill,160,21.97,,20260423-090129.814
ord618,618,Tulip,2,Pfill,160,21.97,,20260423-090129.814
ord681,681,Lotus,1,Pfill,660,35.09,,20260423-090129.814
ord518,518,Lotus,2,Fill,660,35.09,,20260423-090129.814
ord681,681,Lotus,1,Fill,10,36.44,,20260423-090129.814
ord620,620,Lotus,2,Pfill,10,36.44,,20260423-090129.814
ord682,682,Rose,1,New,20,27.31,,20260423-090129.814
ord683,683,Tulip,1,New,560,15.51,,20260423-090129.814
ord684,684,Lavender,2,Fill,60,31.18,,20260423-090129.814
ord659,659,Lavender,1,Pfill,60,31.18,,20260423-090129.814
ord685,685,Lotus,1,Fill,260,36.44,,20260423-090129.814
ord620,620,Lotus,2,Pfill,260,36.44,,20260423-090129.814
ord686,686,Rose,1,Pfill,650,29.44,,20260423-090129.814
ord657,657,Rose,2,Fill,650,29.44,,20260423-090129.814
ord687,687,Tulip,2,New,390,25.43,,20260423-090129.814
ord688,688,Orchid,2,New,260,24.87,,20260423-090129.814
ord689,689,Lavender,2,New,10,44.43,,20260423-090129.814
ord690,690,Tulip,2,Pfill,510,21.94,,20260423-090129.814
ord675,675,Tulip,1,Fill,510,21.94,,20260423-090129.814
ord690,690,Tulip,2,Pfill,120,16.21,,20260423-090129.814
ord532,532,Tulip,1,Fill,120,16.21,,20260423-090129.814
ord690,690,Tulip,2,Fill,100,15.51,,20260423-090129.814
ord683,683,Tulip,1,Pfill,100,15.51,,20260423-090129.814
ord691,691,Tulip,1,Pfill,30,21.97,,20260423-090129.814
ord618,618,Tulip,2,Fill,30,21.97,,20260423-090129.814
ord691,691,Tulip,1,Pfill,390,25.43,,20260423-090129.814
ord687,687,Tulip,2,Fill,390,25.43,,20260423-090129.814
ord692,692,Lotus,2,New,190,45.33,,20260423-090129.814
ord693,693,Tulip,1,New,10,11.35,,20260423-090129.814
ord694,694,Lotus,1,Fill,530,36.44,,20260423-090129.814
ord620,620,Lotus,2,Pfill,530,36.44,,20260423-090129.814
ord695,695,Rose,1,New,700,23.38,,20260423-090129.814
ord696,696,Tulip,1,Pfill,310,31.02,,20260423-090129.814
ord587,587,Tulip,2,Fill,310,31.02,,20260423-090129.814
ord696,696,Tulip,1,Pfill,50,31.42,,20260423-090129.814
ord560,560,Tulip,2,Fill,50,31.42,,20260423-090129.814
ord696,696,Tulip,1,Fill,100,33.48,,20260423-090129.814
ord456,456,Tulip,2,Pfill,100,33.48,,20260423-090129.814
ord697,697,Tulip,2,Pfill,260,28.83,,20260423-090129.814
ord691,691,Tulip,1,Fill,260,28.83,,20260423-090129.814
ord697,697,Tulip,2,Pfill,460,15.51,,20260423-090129.814
ord683,683,Tulip,1,Fill,460,15.51,,20260423-090129.814
ord697,697,Tulip,2,Pfill,20,14.65,,20260423-090129.814
ord263,263,Tulip,1,Fill,20,14.65,,20260423-090129.814
ord697,697,Tulip,2,Fill,110,14.57,,20260423-090129.814
ord570,570,Tulip,1,Pfill,110,14.57,,20260423-090129.814
ord698,698,Lotus,1,New,390,22.00,,20260423-090129.814
ord699,699,Tulip,2,New,800,42.13,,20260423-090129.814
ord700,700,Lotus,2,New,960,48.72,,20260423-090129.815
ord701,701,Lotus,2,Fill,140,29.65,,20260423-090129.815
ord632,632,Lotus,1,Pfill,140,29.65,,20260423-090129.815
ord702,702,Lavender,1,Fill,50,32.68,,20260423-090129.815
ord617,617,Lavender,2,Pfill,50,32.68,,20260423-090129.815
ord703,703,Rose,2,Pfill,250,34.81,,20260423-090129.815
ord686,686,Rose,1,Fill,250,34.81,,20260423-090129.815
ord703,703,Rose,2,Fill,210,28.52,,20260423-090129.815
ord664,664,Rose,1,Pfill,210,28.52,,20260423-090129.815
ord704,704,Rose,2,New,320,31.53,,20260423-090129.815
ord705,705,Tulip,2,New,390,28.82,,20260423-090129.815
ord706,706,Lavender,1,Fill,250,32.68,,20260423-090129.815
ord617,617,Lavender,2,Pfill,250,32.68,,20260423-090129.815
ord707,707,Tulip,2,New,660,43.71,,20260423-090129.815
ord708,708,Rose,2,Pfill,390,28.52,,20260423-090129.815
ord664,664,Rose,1,Fill,390,28.52,,20260423-090129.815
ord708,708,Rose,2,Fill,20,27.31,,20260423-090129.815
ord682,682,Rose,1,Fill,20,27.31,,20260423-090129.815
ord709,709,Lotus,1,New,580,17.59,,20260423-090129.815
ord710,710,Rose,1,Pfill,320,31.53,,20260423-090129.815
ord704,704,Rose,2,Fill,320,31.53,,20260423-090129.815
ord710,710,Rose,1,Pfill,90,38.18,,20260423-090129.815
ord205,205,Rose,2,Fill,90,38.18,,20260423-090129.815
ord710,710,Rose,1,Fill,180,38.67,,20260423-090129.815
ord445,445,Rose,2,Pfill,180,38.67,,20260423-090129.815
ord711,711,Rose,1,New,690,11.73,,20260423-090129.815
ord712,712,Tulip,1,Pfill,390,28.82,,20260423-090129.815
ord705,705,Tulip,2,Fill,390,28.82,,20260423-090129.815
ord712,712,Tulip,1,Fill,120,33.48,,20260423-090129.815
ord456,456,Tulip,2,Pfill,120,33.48,,20260423-090129.815
ord713,713,Lotus,1,Fill,90,36.44,,20260423-090129.815
ord620,620,Lotus,2,Pfill,90,36.44,,20260423-090129.815
ord714,714,Lavender,2,Pfill,640,31.18,,20260423-090129.815
ord659,659,Lavender,1,Fill,640,31.18,,20260423-090129.815
ord714,714,Lavender,2,Fill,80,30.31,,20260423-090129.815
ord655,655,Lavender,1,Pfill,80,30.31,,20260423-090129.815
ord715,715,Lavender,1,New,370,32.04,,20260423-090129.815
ord716,716,Rose,1,New,700,18.06,,20260423-090129.815
ord717,717,Rose,1,New,750,24.51,,20260423-090129.815
ord718,718,Orchid,1,Pfill,260,24.87,,20260423-090129.815
ord688,688,Orchid,2,Fill,260,24.87,,20260423-090129.815
ord718,718,Orchid,1,Pfill,380,26.73,,20260423-090129.815
ord673,673,Orchid,2,Fill,380,26.73,,20260423-090129.815
ord718,718,Orchid,1,Pfill,180,30.55,,20260423-090129.815
ord651,651,Orchid,2,Fill,180,30.55,,20260423-090129.815
ord718,718,Orchid,1,Fill,10,32.59,,20260423-090129.815
ord676,676,Orchid,2,Pfill,10,32.59,,20260423-090129.815
ord719,719,Lavender,2,Pfill,370,32.04,,20260423-090129.815
ord715,715,Lavender,1,Fill,370,32.04,,20260423-090129.815
ord720,720,Lavender,2,Fill,480,30.31,,20260423-090129.815
ord655,655,Lavender,1,Pfill,480,30.31,,20260423-090129.815
ord721,721,Tulip,2,New,600,26.65,,20260423-090129.815
ord722,722,Rose,2,New,350,36.04,,20260423-090129.815
ord723,723,Lavender,1,New,790,26.82,,20260423-090129.815
ord724,724,Lotus,2,Fill,240,29.65,,20260423-090129.815
ord632,632,Lotus,1,Pfill,240,29.65,,20260423-090129.815
ord725,725,Rose,2,New,850,26.87,,20260423-090129.815
ord726,726,Orchid,1,Pfill,590,32.59,,20260423-090129.815
ord676,676,Orchid,2,Fill,590,32.59,,20260423-090129.815
ord726,726,Orchid,1,Pfill,20,39.47,,20260423-090129.815
ord554,554,Orchid,2,Fill,20,39.47,,20260423-090129.815
ord726,726,Orchid,1,Pfill,110,39.58,,20260423-090129.815
ord325,325,Orchid,2,Fill,110,39.58,,20260423-090129.815
ord726,726,Orchid,1,Fill,40,39.64,,20260423-090129.815
ord255,255,Orchid,2,Pfill,40,39.64,,20260423-090129.815
ord727,727,Rose,2,New,300,44.42,,20260423-090129.815
ord728,728,Orchid,2,New,630,43.10,,20260423-090129.815
ord729,729,Lavender,2,Fill,150,30.31,,20260423-090129.815
ord655,655,Lavender,1,Pfill,150,30.31,,20260423-090129.815
ord730,730,Lotus,1,New,810,25.03,,20260423-090129.815
ord731,731,Lotus,1,Pfill,100,36.44,,20260423-090129.815
ord620,620,Lotus,2,Fill,100,36.44,,20260423-090129.815
ord731,731,Lotus,1,Pfill,480,36.46,,20260423-090129.815
ord324,324,Lotus,2,Fill,480,36.46,,20260423-090129.815
ord731,731,Lotus,1,Fill,150,36.53,,20260423-090129.815
ord244,244,Lotus,2,Pfill,150,36.53,,20260423-090129.815
ord732,732,Lotus,2,Pfill,290,29.65,,20260423-090129.815
ord632,632,Lotus,1,Fill,290,29.65,,20260423-090129.815
ord732,732,Lotus,2,Pfill,90,26.06,,20260423-090129.815
ord662,662,Lotus,1,Fill,90,26.06,,20260423-090129.815
ord732,732,Lotus,2,Fill,260,25.03,,20260423-090129.815
ord730,730,Lotus,1,Pfill,260,25.03,,20260423-090129.815
ord733,733,Tulip,1,New,250,11.92,,20260423-090129.815
ord734,734,Lotus,2,New,700,44.14,,20260423-090129.815
ord735,735,Orchid,2,New,90,46.64,,20260423-090129.815
ord736,736,Rose,2,New,280,40.87,,20260423-090129.815
ord737,737,Lotus,1,New,100,28.60,,20260423-090129.815
ord738,738,Tulip,2,New,520,47.72,,20260423-090129.815
ord739,739,Rose,2,New,850,45.15,,20260423-090129.815
ord740,740,Tulip,2,New,240,23.82,,20260423-090129.815
ord741,741,Lavender,1,New,160,28.38,,20260423-090129.815
ord742,742,Lavender,2,New,320,44.56,,20260423-090129.815
ord743,743,Lotus,2,Pfill,100,28.60,,20260423-090129.815
ord737,737,Lotus,1,Fill,100,28.60,,20260423-090129.815
ord743,743,Lotus,2,Pfill,550,25.03,,20260423-090129.815
ord730,730,Lotus,1,Fill,550,25.03,,20260423-090129.815
ord743,743,Lotus,2,Fill,30,22.00,,20260423-090129.815
ord698,698,Lotus,1,Pfill,30,22.00,,20260423-090129.815
ord744,744,Rose,2,New,730,40.94,,20260423-090129.815
ord745,745,Lotus,2,Fill,300,22.00,,20260423-090129.815
ord698,698,Lotus,1,Pfill,300,22.00,,20260423-090129.815
ord746,746,Tulip,1,Pfill,240,23.82,,20260423-090129.815
ord740,740,Tulip,2,Fill,240,23.82,,20260423-090129.815
ord746,746,Tulip,1,Fill,130,26.65,,20260423-090129.815
ord721,721,Tulip,2,Pfill,130,26.65,,20260423-090129.815
ord747,747,Orchid,1,New,270,21.25,,20260423-090129.815
ord748,748,Orchid,2,New,710,25.68,,20260423-090129.815
ord749,749,Tulip,2,New,80,18.63,,20260423-090129.815
ord750,750,Lotus,2,New,300,30.62,,20260423-090129.815
ord751,751,Orchid,1,Fill,550,25.68,,20260423-090129.815
ord748,748,Orchid,2,Pfill,550,25.68,,20260423-090129.815
ord752,752,Lavender,2,Pfill,260,30.31,,20260423-090129.815
ord655,655,Lavender,1,Fill,260,30.31,,20260423-090129.815
ord752,752,Lavender,2,Fill,100,28.38,,20260423-090129.815
ord741,741,Lavender,1,Pfill,100,28.38,,20260423-090129.815
ord753,753,Tulip,2,New,870,19.03,,20260423-090129.815
ord754,754,Tulip,2,New,120,28.95,,20260423-090129.815
ord755,755,Lavender,2,New,400,46.79,,20260423-090129.816
ord756,756,Lotus,2,Pfill,60,22.00,,20260423-090129.816
ord698,698,Lotus,1,Fill,60,22.00,,20260423-090129.816
ord756,756,Lotus,2,Fill,130,18.56,,20260423-090129.816
ord475,475,Lotus,1,Pfill,130,18.56,,20260423-090129.816
ord757,757,Lavender,1,Pfill,360,31.49,,20260423-090129.816
ord719,719,Lavender,2,Fill,360,31.49,,20260423-090129.816
ord757,757,Lavender,1,Pfill,80,32.68,,20260423-090129.816
ord617,617,Lavender,2,Fill,80,32.68,,20260423-090129.816
ord757,757,Lavender,1,Fill,30,33.61,,20260423-090129.816
ord640,640,Lavender,2,Pfill,30,33.61,,20260423-090129.816
ord758,758,Tulip,1,Pfill,80,18.63,,20260423-090129.816
ord749,749,Tulip,2,Fill,80,18.63,,20260423-090129.816
ord758,758,Tulip,1,Pfill,870,19.03,,20260423-090129.816
ord753,753,Tulip,2,Fill,870,19.03,,20260423-090129.816
ord758,758,Tulip,1,Fill,50,26.65,,20260423-090129.816
ord721,721,Tulip,2,Pfill,50,26.65,,20260423-090129.816
ord759,759,Orchid,2,New,930,24.70,,20260423-090129.816
ord760,760,Lotus,2,New,60,34.41,,20260423-090129.816
ord761,761,Orchid,1,Fill,320,24.70,,20260423-090129.816
ord759,759,Orchid,2,Pfill,320,24.70,,20260423-090129.816
ord762,762,Lotus,1,Pfill,300,30.62,,20260423-090129.816
ord750,750,Lotus,2,Fill,300,30.62,,20260423-090129.816
ord762,762,Lotus,1,Pfill,60,34.41,,20260423-090129.816
ord760,760,Lotus,2,Fill,60,34.41,,20260423-090129.816
ord762,762,Lotus,1,Fill,40,36.53,,20260423-090129.816
ord244,244,Lotus,2,Pfill,40,36.53,,20260423-090129.816
ord763,763,Lotus,1,Pfill,10,36.53,,20260423-090129.816
ord244,244,Lotus,2,Fill,10,36.53,,20260423-090129.816
ord763,763,Lotus,1,Fill,180,36.83,,20260423-090129.816
ord666,666,Lotus,2,Pfill,180,36.83,,20260423-090129.816
ord764,764,Lotus,2,New,50,26.95,,20260423-090129.816
ord765,765,Lavender,1,New,730,19.61,,20260423-090129.816
ord766,766,Tulip,2,New,790,43.88,,20260423-090129.816
ord767,767,Lotus,1,Pfill,50,26.95,,20260423-090129.816
ord764,764,Lotus,2,Fill,50,26.95,,20260423-090129.816
ord768,768,Rose,2,New,320,45.77,,20260423-090129.816
ord769,769,Lotus,2,Fill,470,32.90,,20260423-090129.816
ord767,767,Lotus,1,Fill,470,32.90,,20260423-090129.816
ord770,770,Tulip,2,Pfill,130,14.57,,20260423-090129.816
ord570,570,Tulip,1,Fill,130,14.57,,20260423-090129.816
ord770,770,Tulip,2,Fill,100,14.23,,20260423-090129.816
ord14,14,Tulip,1,Pfill,100,14.23,,20260423-090129.816
ord771,771,Lotus,1,Fill,230,36.83,,20260423-090129.816
ord666,666,Lotus,2,Pfill,230,36.83,,20260423-090129.816
ord772,772,Lavender,2,New,590,28.64,,20260423-090129.816
ord773,773,Lavender,2,New,70,35.08,,20260423-090129.816
ord774,774,Orchid,1,Fill,610,24.70,,20260423-090129.816
ord759,759,Orchid,2,Fill,610,24.70,,20260423-090129.816
ord775,775,Lavender,2,Fill,10,28.38,,20260423-090129.816
ord741,741,Lavender,1,Pfill,10,28.38,,20260423-090129.816
ord776,776,Tulip,2,Pfill,100,14.23,,20260423-090129.816
ord14,14,Tulip,1,Fill,100,14.23,,20260423-090129.816
ord777,777,Orchid,1,Pfill,160,25.68,,20260423-090129.816
ord748,748,Orchid,2,Fill,160,25.68,,20260423-090129.816
ord778,778,Rose,2,Fill,400,24.51,,20260423-090129.816
ord717,717,Rose,1,Pfill,400,24.51,,20260423-090129.816
ord779,779,Lavender,1,New,250,16.15,,20260423-090129.816
ord780,780,Rose,1,Fill,720,26.87,,20260423-090129.816
ord725,725,Rose,2,Pfill,720,26.87,,20260423-090129.816
ord781,781,Lotus,2,New,80,20.01,,20260423-090129.816
ord782,782,Orchid,1,New,120,10.05,,20260423-090129.816
ord783,783,Tulip,2,New,90,36.56,,20260423-090129.816
ord784,784,Orchid,2,Pfill,140,25.97,,20260423-090129.816
ord777,777,Orchid,1,Fill,140,25.97,,20260423-090129.816
ord784,784,Orchid,2,Pfill,270,21.25,,20260423-090129.816
ord747,747,Orchid,1,Fill,270,21.25,,20260423-090129.816
ord784,784,Orchid,2,Fill,50,20.85,,20260423-090129.816
ord585,585,Orchid,1,Pfill,50,20.85,,20260423-090129.816
ord785,785,Lotus,2,New,810,24.11,,20260423-090129.816
ord786,786,Rose,1,Pfill,130,26.87,,20260423-090129.816
ord725,725,Rose,2,Fill,130,26.87,,20260423-090129.816
ord786,786,Rose,1,Pfill,350,36.04,,20260423-090129.816
ord722,722,Rose,2,Fill,350,36.04,,20260423-090129.816
ord786,786,Rose,1,Fill,390,38.67,,20260423-090129.816
ord445,445,Rose,2,Pfill,390,38.67,,20260423-090129.816
ord787,787,Lavender,2,New,910,48.55,,20260423-090129.816
ord788,788,Tulip,2,New,280,29.19,,20260423-090129.816
ord789,789,Orchid,1,New,660,15.94,,20260423-090129.816
ord790,790,Orchid,2,Pfill,610,20.85,,20260423-090129.816
ord585,585,Orchid,1,Fill,610,20.85,,20260423-090129.816
ord790,790,Orchid,2,Pfill,340,18.51,,20260423-090129.816
ord677,677,Orchid,1,Fill,340,18.51,,20260423-090129.816
ord790,790,Orchid,2,Fill,40,18.00,,20260423-090129.816
ord615,615,Orchid,1,Pfill,40,18.00,,20260423-090129.816
ord791,791,Rose,1,New,710,24.17,,20260423-090129.816
ord792,792,Tulip,2,New,410,25.33,,20260423-090129.816
ord793,793,Rose,2,New,240,37.85,,20260423-090129.816
ord794,794,Lotus,2,New,250,23.91,,20260423-090129.816
ord795,795,Lavender,1,Pfill,590,28.64,,20260423-090129.816
ord772,772,Lavender,2,Fill,590,28.64,,20260423-090129.816
ord795,795,Lavender,1,Fill,290,33.61,,20260423-090129.816
ord640,640,Lavender,2,Pfill,290,33.61,,20260423-090129.816
ord796,796,Rose,1,New,310,18.60,,20260423-090129.816
ord797,797,Rose,2,Fill,30,24.51,,20260423-090129.816
ord717,717,Rose,1,Pfill,30,24.51,,20260423-090129.816
ord798,798,Tulip,2,New,630,45.74,,20260423-090129.816
ord799,799,Lotus,1,Pfill,80,20.01,,20260423-090129.816
ord781,781,Lotus,2,Fill,80,20.01,,20260423-090129.816
ord799,799,Lotus,1,Pfill,250,23.91,,20260423-090129.816
ord794,794,Lotus,2,Fill,250,23.91,,20260423-090129.816
ord799,799,Lotus,1,Fill,40,24.11,,20260423-090129.816
ord785,785,Lotus,2,Pfill,40,24.11,,20260423-090129.816
ord800,800,Tulip,1,Pfill,100,12.68,,20260423-090129.816
ord776,776,Tulip,2,Fill,100,12.68,,20260423-090129.816
ord800,800,Tulip,1,Pfill,410,25.33,,20260423-090129.816
ord792,792,Tulip,2,Fill,410,25.33,,20260423-090129.816
ord800,800,Tulip,1,Fill,50,26.65,,20260423-090129.816
ord721,721,Tulip,2,Pfill,50,26.65,,20260423-090129.816
ord801,801,Tulip,1,Pfill,370,26.65,,20260423-090129.816
ord721,721,Tulip,2,Fill,370,26.65,,20260423-090129.816
ord801,801,Tulip,1,Pfill,120,28.95,,20260423-090129.816
ord754,754,Tulip,2,Fill,120,28.95,,20260423-090129.816
ord801,801,Tulip,1,Fill,230,29.19,,20260423-090129.816
ord788,788,Tulip,2,Pfill,230,29.19,,20260423-090129.816
ord802,802,Lotus,2,New,620,24.19,,20260423-090129.816
ord803,803,Tulip,1,Pfill,50,29.19,,20260423-090129.816
ord788,788,Tulip,2,Fill,50,29.19,,20260423-090129.816
ord803,803,Tulip,1,Pfill,110,33.48,,20260423-090129.816
ord456,456,Tulip,2,Fill,110,33.48,,20260423-090129.816
ord803,803,Tulip,1,Pfill,140,33.63,,20260423-090129.816
ord644,644,Tulip,2,Fill,140,33.63,,20260423-090129.816
ord803,803,Tulip,1,Fill,370,33.80,,20260423-090129.816
ord411,411,Tulip,2,Pfill,370,33.80,,20260423-090129.816
ord804,804,Orchid,1,Fill,390,39.64,,20260423-090129.816
ord255,255,Orchid,2,Pfill,390,39.64,,20260423-090129.816
ord805,805,Tulip,1,Pfill,20,33.80,,20260423-090129.816
ord411,411,Tulip,2,Fill,20,33.80,,20260423-090129.816
ord805,805,Tulip,1,Pfill,40,35.95,,20260423-090129.816
ord493,493,Tulip,2,Fill,40,35.95,,20260423-090129.816
ord805,805,Tulip,1,Fill,90,36.56,,20260423-090129.816
ord783,783,Tulip,2,Fill,90,36.56,,20260423-090129.816
ord806,806,Tulip,1,New,370,20.20,,20260423-090129.816
ord807,807,Orchid,2,New,410,36.93,,20260423-090129.816
ord808,808,Lavender,1,Fill,180,33.61,,20260423-090129.816
ord640,640,Lavender,2,Pfill,180,33.61,,20260423-090129.816
ord809,809,Lotus,2,New,50,22.42,,20260423-090129.816
ord810,810,Orchid,1,New,780,15.15,,20260423-090129.816
ord811,811,Tulip,2,New,730,33.42,,20260423-090129.816
ord812,812,Orchid,1,New,420,14.18,,20260423-090129.817
ord813,813,Tulip,1,New,30,28.86,,20260423-090129.817
ord814,814,Lotus,2,New,440,20.37,,20260423-090129.817
ord815,815,Orchid,2,New,100,24.46,,20260423-090129.817
ord816,816,Orchid,2,New,170,23.15,,20260423-090129.817
ord817,817,Orchid,2,Fill,200,18.00,,20260423-090129.817
ord615,615,Orchid,1,Pfill,200,18.00,,20260423-090129.817
ord818,818,Lotus,2,Fill,350,18.56,,20260423-090129.817
ord475,475,Lotus,1,Pfill,350,18.56,,20260423-090129.817
ord819,819,Lavender,2,New,40,38.41,,20260423-090129.817
ord820,820,Tulip,2,Pfill,30,28.86,,20260423-090129.817
ord813,813,Tulip,1,Fill,30,28.86,,20260423-090129.817
ord820,820,Tulip,2,Fill,220,20.20,,20260423-090129.817
ord806,806,Tulip,1,Pfill,220,20.20,,20260423-090129.817
ord821,821,Rose,2,New,820,40.87,,20260423-090129.817
ord822,822,Lotus,2,New,350,48.26,,20260423-090129.817
ord823,823,Tulip,2,New,410,24.78,,20260423-090129.817
ord824,824,Rose,1,New,540,28.45,,20260423-090129.817
ord825,825,Lavender,2,New,530,44.31,,20260423-090129.817
ord826,826,Lotus,1,Pfill,440,20.37,,20260423-090129.817
ord814,814,Lotus,2,Fill,440,20.37,,20260423-090129.817
ord826,826,Lotus,1,Pfill,50,22.42,,20260423-090129.817
ord809,809,Lotus,2,Fill,50,22.42,,20260423-090129.817
ord826,826,Lotus,1,Fill,490,24.11,,20260423-090129.817
ord785,785,Lotus,2,Pfill,490,24.11,,20260423-090129.817
ord827,827,Rose,2,New,180,48.79,,20260423-090129.817
ord828,828,Orchid,1,Pfill,170,23.15,,20260423-090129.817
ord816,816,Orchid,2,Fill,170,23.15,,20260423-090129.817
ord828,828,Orchid,1,Pfill,100,24.46,,20260423-090129.817
ord815,815,Orchid,2,Fill,100,24.46,,20260423-090129.817
ord828,828,Orchid,1,Pfill,410,36.93,,20260423-090129.817
ord807,807,Orchid,2,Fill,410,36.93,,20260423-090129.817
ord828,828,Orchid,1,Fill,90,39.64,,20260423-090129.817
ord255,255,Orchid,2,Pfill,90,39.64,,20260423-090129.817
ord829,829,Rose,1,Pfill,240,37.85,,20260423-090129.817
ord793,793,Rose,2,Fill,240,37.85,,20260423-090129.817
ord829,829,Rose,1,Pfill,330,38.67,,20260423-090129.817
ord445,445,Rose,2,Fill,330,38.67,,20260423-090129.817
ord829,829,Rose,1,Fill,240,40.87,,20260423-090129.817
ord736,736,Rose,2,Pfill,240,40.87,,20260423-090129.817
ord830,830,Rose,1,New,630,26.90,,20260423-090129.817
ord831,831,Lotus,1,Pfill,280,24.11,,20260423-090129.817
ord785,785,Lotus,2,Fill,280,24.11,,20260423-090129.817
ord831,831,Lotus,1,Fill,300,24.19,,20260423-090129.817
ord802,802,Lotus,2,Pfill,300,24.19,,20260423-090129.817
ord832,832,Lotus,1,Pfill,320,24.19,,20260423-090129.817
ord802,802,Lotus,2,Fill,320,24.19,,20260423-090129.817
ord833,833,Rose,1,New,230,17.17,,20260423-090129.817
ord834,834,Tulip,2,New,520,28.75,,20260423-090129.817
ord835,835,Orchid,1,Pfill,120,39.64,,20260423-090129.817
ord255,255,Orchid,2,Fill,120,39.64,,20260423-090129.817
ord836,836,Lotus,1,New,10,29.65,,20260423-090129.817
ord837,837,Rose,1,New,440,29.33,,20260423-090129.817
ord838,838,Lavender,1,New,310,25.86,,20260423-090129.817
ord839,839,Orchid,2,New,100,45.98,,20260423-090129.817
ord840,840,Tulip,1,Pfill,410,24.78,,20260423-090129.817
ord823,823,Tulip,2,Fill,410,24.78,,20260423-090129.817
ord840,840,Tulip,1,Pfill,520,28.75,,20260423-090129.817
ord834,834,Tulip,2,Fill,520,28.75,,20260423-090129.817
ord840,840,Tulip,1,Fill,10,33.42,,20260423-090129.817
ord811,811,Tulip,2,Pfill,10,33.42,,20260423-090129.817
ord841,841,Tulip,1,New,950,15.74,,20260423-090129.817
ord842,842,Tulip,2,New,960,42.47,,20260423-090129.817
ord843,843,Rose,1,New,160,11.00,,20260423-090129.817
ord844,844,Lavender,2,Pfill,50,28.38,,20260423-090129.817
ord741,741,Lavender,1,Fill,50,28.38,,20260423-090129.817
ord844,844,Lavender,2,Fill,450,26.82,,20260423-090129.817
ord723,723,Lavender,1,Pfill,450,26.82,,20260423-090129.817
ord845,845,Orchid,2,Fill,130,39.70,,20260423-090129.817
ord835,835,Orchid,1,Pfill,130,39.70,,20260423-090129.817
ord846,846,Lavender,1,New,450,23.42,,20260423-090129.817
ord847,847,Orchid,1,New,800,31.36,,20260423-090129.817
ord848,848,Lotus,1,Pfill,190,36.83,,20260423-090129.817
ord666,666,Lotus,2,Fill,190,36.83,,20260423-090129.817
ord848,848,Lotus,1,Pfill,40,37.87,,20260423-090129.817
ord505,505,Lotus,2,Fill,40,37.87,,20260423-090129.817
ord848,848,Lotus,1,Pfill,60,38.38,,20260423-090129.817
ord465,465,Lotus,2,Fill,60,38.38,,20260423-090129.817
ord848,848,Lotus,1,Pfill,210,38.83,,20260423-090129.817
ord289,289,Lotus,2,Fill,210,38.83,,20260423-090129.817
ord848,848,Lotus,1,Fill,240,39.49,,20260423-090129.817
ord305,305,Lotus,2,Pfill,240,39.49,,20260423-090129.817
ord849,849,Tulip,1,New,90,27.17,,20260423-090129.817
ord850,850,Orchid,2,Fill,30,39.70,,20260423-090129.817
ord835,835,Orchid,1,Pfill,30,39.70,,20260423-090129.817
ord851,851,Lotus,1,New,940,26.91,,20260423-090129.817
ord852,852,Lavender,1,Pfill,280,33.61,,20260423-090129.817
ord640,640,Lavender,2,Fill,280,33.61,,20260423-090129.817
ord852,852,Lavender,1,Pfill,70,35.08,,20260423-090129.817
ord773,773,Lavender,2,Fill,70,35.08,,20260423-090129.817
ord852,852,Lavender,1,Fill,630,36.34,,20260423-090129.817
ord635,635,Lavender,2,Pfill,630,36.34,,20260423-090129.817
ord853,853,Lotus,1,New,480,22.27,,20260423-090129.817
ord854,854,Tulip,2,New,770,32.55,,20260423-090129.817
ord855,855,Rose,1,Pfill,40,40.87,,20260423-090129.817
ord736,736,Rose,2,Fill,40,40.87,,20260423-090129.817
ord855,855,Rose,1,Fill,80,40.87,,20260423-090129.817
ord821,821,Rose,2,Pfill,80,40.87,,20260423-090129.817
ord856,856,Rose,1,New,220,15.41,,20260423-090129.817
ord857,857,Rose,1,New,420,31.86,,20260423-090129.817
ord858,858,Rose,2,New,40,38.06,,20260423-090129.817
ord859,859,Rose,1,New,430,31.21,,20260423-090129.817
ord860,860,Lavender,1,Pfill,210,36.34,,20260423-090129.817
ord635,635,Lavender,2,Fill,210,36.34,,20260423-090129.817
ord860,860,Lavender,1,Pfill,270,38.21,,20260423-090129.817
ord424,424,Lavender,2,Fill,270,38.21,,20260423-090129.817
ord860,860,Lavender,1,Pfill,40,38.41,,20260423-090129.817
ord819,819,Lavender,2,Fill,40,38.41,,20260423-090129.817
ord860,860,Lavender,1,Pfill,380,38.82,,20260423-090129.817
ord642,642,Lavender,2,Fill,380,38.82,,20260423-090129.817
ord860,860,Lavender,1,Fill,60,38.87,,20260423-090129.817
ord139,139,Lavender,2,Pfill,60,38.87,,20260423-090129.817
ord861,861,Orchid,2,New,890,40.72,,20260423-090129.817
ord862,862,Rose,1,New,350,38.00,,20260423-090129.817
ord863,863,Lotus,1,New,300,15.44,,20260423-090129.817
ord864,864,Rose,2,Pfill,350,38.00,,20260423-090129.817
ord862,862,Rose,1,Fill,350,38.00,,20260423-090129.817
ord865,865,Orchid,2,Pfill,190,39.70,,20260423-090129.817
ord835,835,Orchid,1,Fill,190,39.70,,20260423-090129.817
ord865,865,Orchid,2,Fill,70,31.36,,20260423-090129.817
ord847,847,Orchid,1,Pfill,70,31.36,,20260423-090129.817
ord866,866,Rose,1,Pfill,370,35.56,,20260423-090129.817
ord864,864,Rose,2,Fill,370,35.56,,20260423-090129.817
ord866,866,Rose,1,Pfill,40,38.06,,20260423-090129.817
ord858,858,Rose,2,Fill,40,38.06,,20260423-090129.817
ord866,866,Rose,1,Fill,160,40.87,,20260423-090129.817
ord821,821,Rose,2,Pfill,160,40.87,,20260423-090129.817
ord867,867,Orchid,2,New,370,47.25,,20260423-090129.817
ord868,868,Rose,2,Pfill,420,31.86,,20260423-090129.817
ord857,857,Rose,1,Fill,420,31.86,,20260423-090129.817
ord868,868,Rose,2,Fill,410,31.21,,20260423-090129.817
ord859,859,Rose,1,Pfill,410,31.21,,20260423-090129.817
ord869,869,Tulip,2,New,990,35.01,,20260423-090129.817
ord870,870,Rose,1,Pfill,580,40.87,,20260423-090129.818
ord821,821,Rose,2,Fill,580,40.87,,20260423-090129.818
ord870,870,Rose,1,Fill,210,40.94,,20260423-090129.818
ord744,744,Rose,2,Pfill,210,40.94,,20260423-090129.818
ord871,871,Lavender,2,New,410,48.28,,20260423-090129.818
ord872,872,Rose,1,New,580,30.95,,20260423-090129.818
ord873,873,Tulip,2,Pfill,90,27.17,,20260423-090129.818
ord849,849,Tulip,1,Fill,90,27.17,,20260423-090129.818
ord873,873,Tulip,2,Pfill,150,20.20,,20260423-090129.818
ord806,806,Tulip,1,Fill,150,20.20,,20260423-090129.818
ord874,874,Tulip,2,New,100,46.93,,20260423-090129.818
ord875,875,Orchid,1,Fill,410,40.15,,20260423-090129.818
ord213,213,Orchid,2,Pfill,410,40.15,,20260423-090129.818
ord876,876,Rose,2,New,330,41.58,,20260423-090129.818
ord877,877,Orchid,2,New,450,34.22,,20260423-090129.818
ord878,878,Orchid,1,New,450,25.10,,20260423-090129.818
ord879,879,Tulip,1,Pfill,200,18.75,,20260423-090129.818
ord873,873,Tulip,2,Fill,200,18.75,,20260423-090129.818
ord879,879,Tulip,1,Fill,180,32.55,,20260423-090129.818
ord854,854,Tulip,2,Pfill,180,32.55,,20260423-090129.818
ord880,880,Orchid,1,New,450,18.29,,20260423-090129.818
ord881,881,Lotus,1,New,680,16.19,,20260423-090129.818
ord882,882,Rose,1,New,800,30.94,,20260423-090129.818
ord883,883,Lotus,1,New,580,14.38,,20260423-090129.818
ord884,884,Lavender,2,New,920,37.54,,20260423-090129.818
ord885,885,Orchid,1,New,500,17.32,,20260423-090129.818
ord886,886,Rose,1,New,30,24.74,,20260423-090129.818
ord887,887,Orchid,1,Fill,30,34.22,,20260423-090129.818
ord877,877,Orchid,2,Pfill,30,34.22,,20260423-090129.818
ord888,888,Tulip,2,New,450,20.65,,20260423-090129.818
ord889,889,Rose,2,New,710,47.45,,20260423-090129.818
ord890,890,Lotus,2,Pfill,210,32.47,,20260423-090129.818
ord832,832,Lotus,1,Fill,210,32.47,,20260423-090129.818
ord890,890,Lotus,2,Pfill,10,29.65,,20260423-090129.818
ord836,836,Lotus,1,Fill,10,29.65,,20260423-090129.818
ord891,891,Tulip,1,Pfill,450,20.65,,20260423-090129.818
ord888,888,Tulip,2,Fill,450,20.65,,20260423-090129.818
ord891,891,Tulip,1,Fill,10,32.55,,20260423-090129.818
ord854,854,Tulip,2,Pfill,10,32.55,,20260423-090129.818
ord892,892,Lotus,1,Pfill,360,28.64,,20260423-090129.818
ord890,890,Lotus,2,Fill,360,28.64,,20260423-090129.818
ord893,893,Rose,2,Pfill,20,31.21,,20260423-090129.818
ord859,859,Rose,1,Fill,20,31.21,,20260423-090129.818
ord893,893,Rose,2,Fill,380,30.95,,20260423-090129.818
ord872,872,Rose,1,Pfill,380,30.95,,20260423-090129.818
ord894,894,Rose,1,New,880,31.75,,20260423-090129.818
ord895,895,Tulip,2,New,820,49.67,,20260423-090129.818
ord896,896,Rose,2,Pfill,880,31.75,,20260423-090129.818
ord894,894,Rose,1,Fill,880,31.75,,20260423-090129.818
ord896,896,Rose,2,Fill,120,30.95,,20260423-090129.818
ord872,872,Rose,1,Pfill,120,30.95,,20260423-090129.818
ord897,897,Rose,1,Fill,200,40.94,,20260423-090129.818
ord744,744,Rose,2,Pfill,200,40.94,,20260423-090129.818
ord898,898,Tulip,2,New,190,26.26,,20260423-090129.818
ord899,899,Lavender,1,Fill,610,37.54,,20260423-090129.818
ord884,884,Lavender,2,Pfill,610,37.54,,20260423-090129.818
ord900,900,Tulip,2,New,250,46.18,,20260423-090129.818
ord901,901,Lotus,1,New,480,28.46,,20260423-090129.818
ord902,902,Rose,1,Pfill,320,40.94,,20260423-090129.818
ord744,744,Rose,2,Fill,320,40.94,,20260423-090129.818
ord902,902,Rose,1,Fill,350,41.17,,20260423-090129.818
ord401,401,Rose,2,Pfill,350,41.17,,20260423-090129.818
ord903,903,Rose,2,Pfill,80,30.95,,20260423-090129.818
ord872,872,Rose,1,Fill,80,30.95,,20260423-090129.818
ord903,903,Rose,2,Fill,340,30.94,,20260423-090129.818
ord882,882,Rose,1,Pfill,340,30.94,,20260423-090129.818
ord904,904,Lotus,1,New,500,25.17,,20260423-090129.818
ord905,905,Orchid,2,Fill,330,31.36,,20260423-090129.818
ord847,847,Orchid,1,Pfill,330,31.36,,20260423-090129.818
ord906,906,Rose,1,New,880,39.09,,20260423-090129.818
ord907,907,Rose,1,New,380,11.78,,20260423-090129.818
ord908,908,Lotus,2,Pfill,530,33.26,,20260423-090129.818
ord892,892,Lotus,1,Fill,530,33.26,,20260423-090129.818
ord909,909,Orchid,2,Fill,80,31.36,,20260423-090129.818
ord847,847,Orchid,1,Pfill,80,31.36,,20260423-090129.818
ord910,910,Orchid,1,New,240,17.43,,20260423-090129.818
ord911,911,Lotus,2,New,430,37.28,,20260423-090129.818
ord912,912,Lavender,1,Pfill,310,37.54,,20260423-090129.818
ord884,884,Lavender,2,Fill,310,37.54,,20260423-090129.818
ord912,912,Lavender,1,Fill,450,38.87,,20260423-090129.818
ord139,139,Lavender,2,Pfill,450,38.87,,20260423-090129.818
ord913,913,Tulip,2,Fill,950,15.74,,20260423-090129.818
ord841,841,Tulip,1,Fill,950,15.74,,20260423-090129.818
ord914,914,Lavender,1,Pfill,50,38.87,,20260423-090129.818
ord139,139,Lavender,2,Fill,50,38.87,,20260423-090129.818
ord914,914,Lavender,1,Fill,30,39.64,,20260423-090129.818
ord118,118,Lavender,2,Pfill,30,39.64,,20260423-090129.818
ord915,915,Lavender,2,New,710,45.24,,20260423-090129.818
ord916,916,Lavender,1,Pfill,540,39.64,,20260423-090129.818
ord118,118,Lavender,2,Fill,540,39.64,,20260423-090129.818
ord916,916,Lavender,1,Fill,270,40.00,,20260423-090129.818
ord154,154,Lavender,2,Pfill,270,40.00,,20260423-090129.818
ord917,917,Rose,1,New,130,12.93,,20260423-090129.818
ord918,918,Lavender,1,New,880,11.35,,20260423-090129.818
ord919,919,Lavender,2,Pfill,340,26.82,,20260423-090129.818
ord723,723,Lavender,1,Fill,340,26.82,,20260423-090129.818
ord920,920,Rose,2,Fill,110,39.09,,20260423-090129.818
ord906,906,Rose,1,Pfill,110,39.09,,20260423-090129.818
ord921,921,Lotus,1,New,1000,17.92,,20260423-090129.818
ord922,922,Rose,1,Fill,210,41.17,,20260423-090129.818
ord401,401,Rose,2,Pfill,210,41.17,,20260423-090129.818
ord923,923,Lotus,1,Pfill,460,28.69,,20260423-090129.818
ord908,908,Lotus,2,Fill,460,28.69,,20260423-090129.818
ord924,924,Lotus,2,Pfill,540,30.53,,20260423-090129.818
ord923,923,Lotus,1,Fill,540,30.53,,20260423-090129.818
ord924,924,Lotus,2,Fill,90,28.46,,20260423-090129.818
ord901,901,Lotus,1,Pfill,90,28.46,,20260423-090129.818
ord925,925,Tulip,1,Pfill,190,26.26,,20260423-090129.818
ord898,898,Tulip,2,Fill,190,26.26,,20260423-090129.818
ord925,925,Tulip,1,Pfill,580,32.55,,20260423-090129.818
ord854,854,Tulip,2,Fill,580,32.55,,20260423-090129.818
ord925,925,Tulip,1,Fill,140,33.42,,20260423-090129.818
ord811,811,Tulip,2,Pfill,140,33.42,,20260423-090129.818
ord926,926,Lavender,1,Pfill,180,26.36,,20260423-090129.818
ord919,919,Lavender,2,Fill,180,26.36,,20260423-090129.818
ord927,927,Tulip,2,New,180,36.05,,20260423-090129.818
ord928,928,Lotus,1,New,370,15.37,,20260423-090129.818
ord929,929,Tulip,1,New,520,23.09,,20260423-090129.819
ord930,930,Tulip,1,New,340,17.88,,20260423-090129.819
ord931,931,Rose,2,Fill,440,39.09,,20260423-090129.819
ord906,906,Rose,1,Pfill,440,39.09,,20260423-090129.819
ord932,932,Rose,1,Fill,420,41.17,,20260423-090129.819
ord401,401,Rose,2,Pfill,420,41.17,,20260423-090129.819
ord933,933,Tulip,2,New,660,33.01,,20260423-090129.819
ord934,934,Orchid,1,New,460,15.80,,20260423-090129.819
ord935,935,Lotus,2,New,420,44.54,,20260423-090129.819
ord936,936,Lavender,1,New,750,34.85,,20260423-090129.819
ord937,937,Lavender,1,New,990,22.96,,20260423-090129.819
ord938,938,Tulip,1,New,800,11.63,,20260423-090129.819
ord939,939,Orchid,2,New,50,38.61,,20260423-090129.819
ord940,940,Lotus,1,Pfill,430,37.28,,20260423-090129.819
ord911,911,Lotus,2,Fill,430,37.28,,20260423-090129.819
ord941,941,Tulip,1,Fill,230,33.01,,20260423-090129.819
ord933,933,Tulip,2,Pfill,230,33.01,,20260423-090129.819
ord942,942,Tulip,1,New,780,15.83,,20260423-090129.819
ord943,943,Rose,1,New,690,40.91,,20260423-090129.819
ord944,944,Lavender,1,Pfill,140,40.00,,20260423-090129.819
ord154,154,Lavender,2,Fill,140,40.00,,20260423-090129.819
ord944,944,Lavender,1,Pfill,220,40.30,,20260423-090129.819
ord45,45,Lavender,2,Fill,220,40.30,,20260423-090129.819
ord944,944,Lavender,1,Pfill,260,40.80,,20260423-090129.819
ord594,594,Lavender,2,Fill,260,40.80,,20260423-090129.819
ord944,944,Lavender,1,Pfill,160,40.93,,20260423-090129.819
ord253,253,Lavender,2,Fill,160,40.93,,20260423-090129.819
ord944,944,Lavender,1,Fill,40,42.11,,20260423-090129.819
ord79,79,Lavender,2,Pfill,40,42.11,,20260423-090129.819
ord945,945,Lotus,2,New,130,44.66,,20260423-090129.819
ord946,946,Tulip,2,New,790,42.95,,20260423-090129.819
ord947,947,Orchid,2,Fill,210,31.36,,20260423-090129.819
ord847,847,Orchid,1,Pfill,210,31.36,,20260423-090129.819
ord948,948,Lavender,1,New,800,16.07,,20260423-090129.819
ord949,949,Lavender,1,New,180,31.98,,20260423-090129.819
ord950,950,Lotus,1,Pfill,180,39.49,,20260423-090129.819
ord305,305,Lotus,2,Fill,180,39.49,,20260423-090129.819
ord950,950,Lotus,1,Pfill,780,40.20,,20260423-090129.819
ord551,551,Lotus,2,Fill,780,40.20,,20260423-090129.819
ord951,951,Lavender,1,Pfill,690,42.11,,20260423-090129.819
ord79,79,Lavender,2,Fill,690,42.11,,20260423-090129.819
ord951,951,Lavender,1,Fill,90,42.24,,20260423-090129.819
ord542,542,Lavender,2,Pfill,90,42.24,,20260423-090129.819
ord952,952,Tulip,2,New,640,25.65,,20260423-090129.819
ord953,953,Orchid,1,Fill,100,34.22,,20260423-090129.819
ord877,877,Orchid,2,Pfill,100,34.22,,20260423-090129.819
ord954,954,Tulip,2,Fill,80,23.09,,20260423-090129.819
ord929,929,Tulip,1,Pfill,80,23.09,,20260423-090129.819
ord955,955,Lotus,2,Pfill,20,42.07,,20260423-090129.819
ord950,950,Lotus,1,Fill,20,42.07,,20260423-090129.819
ord955,955,Lotus,2,Fill,110,37.85,,20260423-090129.819
ord940,940,Lotus,1,Pfill,110,37.85,,20260423-090129.819
ord956,956,Lotus,2,New,770,47.84,,20260423-090129.819
ord957,957,Orchid,1,New,10,26.48,,20260423-090129.819
ord958,958,Tulip,1,Pfill,640,25.65,,20260423-090129.819
ord952,952,Tulip,2,Fill,640,25.65,,20260423-090129.819
ord958,958,Tulip,1,Fill,360,33.01,,20260423-090129.819
ord933,933,Tulip,2,Pfill,360,33.01,,20260423-090129.819
ord959,959,Tulip,2,New,30,31.85,,20260423-090129.819
ord960,960,Lavender,1,New,590,17.45,,20260423-090129.819
ord961,961,Orchid,1,Pfill,320,34.22,,20260423-090129.819
ord877,877,Orchid,2,Fill,320,34.22,,20260423-090129.819
ord961,961,Orchid,1,Pfill,50,38.61,,20260423-090129.819
ord939,939,Orchid,2,Fill,50,38.61,,20260423-090129.819
ord961,961,Orchid,1,Pfill,380,40.15,,20260423-090129.819
ord213,213,Orchid,2,Fill,380,40.15,,20260423-090129.819
ord961,961,Orchid,1,Fill,80,40.72,,20260423-090129.819
ord861,861,Orchid,2,Pfill,80,40.72,,20260423-090129.819
ord962,962,Lotus,2,Pfill,150,37.85,,20260423-090129.819
ord940,940,Lotus,1,Fill,150,37.85,,20260423-090129.819
ord962,962,Lotus,2,Fill,360,28.46,,20260423-090129.819
ord901,901,Lotus,1,Pfill,360,28.46,,20260423-090129.819
ord963,963,Rose,1,Pfill,20,41.17,,20260423-090129.819
ord401,401,Rose,2,Fill,20,41.17,,20260423-090129.819
ord963,963,Rose,1,Pfill,330,41.58,,20260423-090129.819
ord876,876,Rose,2,Fill,330,41.58,,20260423-090129.819
ord963,963,Rose,1,Pfill,220,41.66,,20260423-090129.819
ord240,240,Rose,2,Fill,220,41.66,,20260423-090129.819
ord963,963,Rose,1,Fill,100,41.75,,20260423-090129.819
ord408,408,Rose,2,Pfill,100,41.75,,20260423-090129.819
ord964,964,Lavender,1,Pfill,820,42.24,,20260423-090129.819
ord542,542,Lavender,2,Fill,820,42.24,,20260423-090129.819
ord964,964,Lavender,1,Fill,180,43.27,,20260423-090129.819
ord533,533,Lavender,2,Pfill,180,43.27,,20260423-090129.819
ord965,965,Tulip,1,Pfill,30,31.85,,20260423-090129.819
ord959,959,Tulip,2,Fill,30,31.85,,20260423-090129.819
ord965,965,Tulip,1,Pfill,70,33.01,,20260423-090129.819
ord933,933,Tulip,2,Fill,70,33.01,,20260423-090129.819
ord965,965,Tulip,1,Pfill,580,33.42,,20260423-090129.819
ord811,811,Tulip,2,Fill,580,33.42,,20260423-090129.819
ord965,965,Tulip,1,Fill,120,35.01,,20260423-090129.819
ord869,869,Tulip,2,Pfill,120,35.01,,20260423-090129.819
ord966,966,Tulip,2,Fill,130,23.09,,20260423-090129.819
ord929,929,Tulip,1,Pfill,130,23.09,,20260423-090129.819
ord967,967,Orchid,2,New,270,33.13,,20260423-090129.819
ord968,968,Tulip,2,Fill,310,23.09,,20260423-090129.819
ord929,929,Tulip,1,Fill,310,23.09,,20260423-090129.819
ord969,969,Lavender,1,New,910,26.69,,20260423-090129.819
ord970,970,Orchid,1,Pfill,270,33.13,,20260423-090129.819
ord967,967,Orchid,2,Fill,270,33.13,,20260423-090129.819
ord971,971,Lotus,2,Pfill,30,28.46,,20260423-090129.819
ord901,901,Lotus,1,Fill,30,28.46,,20260423-090129.819
ord971,971,Lotus,2,Fill,830,26.91,,20260423-090129.819
ord851,851,Lotus,1,Pfill,830,26.91,,20260423-090129.819
ord972,972,Orchid,2,New,250,40.02,,20260423-090129.819
ord973,973,Orchid,1,New,770,19.36,,20260423-090129.819
ord974,974,Rose,2,Fill,670,40.91,,20260423-090129.819
ord943,943,Rose,1,Pfill,670,40.91,,20260423-090129.819
ord975,975,Rose,1,New,160,23.87,,20260423-090129.819
ord976,976,Rose,1,New,430,32.05,,20260423-090129.820
ord977,977,Rose,2,Pfill,20,40.91,,20260423-090129.820
ord943,943,Rose,1,Fill,20,40.91,,20260423-090129.820
ord977,977,Rose,2,Pfill,330,39.09,,20260423-090129.820
ord906,906,Rose,1,Fill,330,39.09,,20260423-090129.820
ord977,977,Rose,2,Fill,360,32.05,,20260423-090129.820
ord976,976,Rose,1,Pfill,360,32.05,,20260423-090129.820
ord978,978,Lotus,1,New,540,42.40,,20260423-090129.820
ord979,979,Rose,1,New,80,34.09,,20260423-090129.820
ord980,980,Orchid,1,New,790,33.14,,20260423-090129.820
ord981,981,Lavender,1,New,40,15.74,,20260423-090129.820
ord982,982,Lavender,1,Fill,60,43.27,,20260423-090129.820
ord533,533,Lavender,2,Pfill,60,43.27,,20260423-090129.820
ord983,983,Orchid,1,Pfill,250,40.02,,20260423-090129.820
ord972,972,Orchid,2,Fill,250,40.02,,20260423-090129.820
ord983,983,Orchid,1,Fill,430,40.72,,20260423-090129.820
ord861,861,Orchid,2,Pfill,430,40.72,,20260423-090129.820
ord984,984,Rose,2,Pfill,80,34.09,,20260423-090129.820
ord979,979,Rose,1,Fill,80,34.09,,20260423-090129.820
ord984,984,Rose,2,Pfill,70,32.05,,20260423-090129.820
ord976,976,Rose,1,Fill,70,32.05,,20260423-090129.820
ord984,984,Rose,2,Pfill,460,30.94,,20260423-090129.820
ord882,882,Rose,1,Fill,460,30.94,,20260423-090129.820
ord984,984,Rose,2,Fill,30,29.33,,20260423-090129.820
ord837,837,Rose,1,Pfill,30,29.33,,20260423-090129.820
ord985,985,Rose,1,New,900,16.64,,20260423-090129.820
ord986,986,Rose,2,New,830,35.30,,20260423-090129.820
ord987,987,Lavender,1,Pfill,350,43.27,,20260423-090129.820
ord533,533,Lavender,2,Fill,350,43.27,,20260423-090129.820
ord987,987,Lavender,1,Pfill,530,44.31,,20260423-090129.820
ord825,825,Lavender,2,Fill,530,44.31,,20260423-090129.820
ord987,987,Lavender,1,Pfill,10,44.43,,20260423-090129.820
ord689,689,Lavender,2,Fill,10,44.43,,20260423-090129.820
ord987,987,Lavender,1,Fill,50,44.52,,20260423-090129.820
ord330,330,Lavender,2,Pfill,50,44.52,,20260423-090129.820
ord988,988,Orchid,1,New,950,22.24,,20260423-090129.820
ord989,989,Lavender,2,Fill,720,34.85,,20260423-090129.820
ord936,936,Lavender,1,Pfill,720,34.85,,20260423-090129.820
ord990,990,Tulip,1,Fill,430,35.01,,20260423-090129.820
ord869,869,Tulip,2,Pfill,430,35.01,,20260423-090129.820
ord991,991,Orchid,2,Pfill,280,37.33,,20260423-090129.820
ord970,970,Orchid,1,Fill,280,37.33,,20260423-090129.820
ord991,991,Orchid,2,Fill,580,33.14,,20260423-090129.820
ord980,980,Orchid,1,Pfill,580,33.14,,20260423-090129.820
ord992,992,Tulip,2,New,130,31.03,,20260423-090129.820
ord993,993,Lavender,2,New,180,36.63,,20260423-090129.820
ord994,994,Tulip,1,New,570,24.35,,20260423-090129.820
ord995,995,Tulip,1,Pfill,130,31.03,,20260423-090129.820
ord992,992,Tulip,2,Fill,130,31.03,,20260423-090129.820
ord995,995,Tulip,1,Pfill,440,35.01,,20260423-090129.820
ord869,869,Tulip,2,Fill,440,35.01,,20260423-090129.820
ord995,995,Tulip,1,Pfill,180,36.05,,20260423-090129.820
ord927,927,Tulip,2,Fill,180,36.05,,20260423-090129.820
ord995,995,Tulip,1,Fill,70,36.65,,20260423-090129.820
ord417,417,Tulip,2,Pfill,70,36.65,,20260423-090129.820
ord996,996,Orchid,1,New,140,34.70,,20260423-090129.820
ord997,997,Tulip,2,New,510,44.31,,20260423-090129.820
ord998,998,Orchid,1,New,630,10.45,,20260423-090129.820
ord999,999,Lotus,2,New,250,46.74,,20260423-090129.820
ord1000,1000,Rose,1,New,100,19.96,,20260423-090129.820
